-- phpMyAdmin SQL Dump
-- version 3.5.4
-- http://www.phpmyadmin.net
--
-- 主机: localhost
-- 生成日期: 2015 年 04 月 13 日 17:08
-- 服务器版本: 5.5.28-log
-- PHP 版本: 5.4.9

SET SQL_MODE="NO_AUTO_VALUE_ON_ZERO";
SET time_zone = "+00:00";


/*!40101 SET @OLD_CHARACTER_SET_CLIENT=@@CHARACTER_SET_CLIENT */;
/*!40101 SET @OLD_CHARACTER_SET_RESULTS=@@CHARACTER_SET_RESULTS */;
/*!40101 SET @OLD_COLLATION_CONNECTION=@@COLLATION_CONNECTION */;
/*!40101 SET NAMES utf8 */;

--
-- 数据库: `winguide`
--

-- --------------------------------------------------------

--
-- 表的结构 `wg_administrators`
--

CREATE TABLE IF NOT EXISTS `wg_administrators` (
  `admin_id` int(11) unsigned NOT NULL AUTO_INCREMENT,
  `username` varchar(64) NOT NULL,
  `email` varchar(128) NOT NULL,
  `password` varchar(128) NOT NULL,
  `create_time` int(11) unsigned NOT NULL,
  `status` int(11) NOT NULL,
  PRIMARY KEY (`admin_id`)
) ENGINE=MyISAM  DEFAULT CHARSET=utf8 AUTO_INCREMENT=2 ;

--
-- 转存表中的数据 `wg_administrators`
--

INSERT INTO `wg_administrators` (`admin_id`, `username`, `email`, `password`, `create_time`, `status`) VALUES
(1, 'kalasgou', 'duduleopard@gmail.com', '$2a$08$a9aAO1O3wJHtGUORbr/JpegHD1/f3PdApEpC93NJGWUTSJ8p2z3Oy', 0, 0);

-- --------------------------------------------------------

--
-- 表的结构 `wg_articles`
--

CREATE TABLE IF NOT EXISTS `wg_articles` (
  `article_id` int(11) unsigned NOT NULL AUTO_INCREMENT,
  `uuid` varchar(16) NOT NULL,
  `admin_id` int(11) unsigned NOT NULL,
  `module_id` smallint(5) unsigned NOT NULL,
  `recommend` tinyint(3) NOT NULL,
  `status` tinyint(3) NOT NULL,
  `category` varchar(128) NOT NULL,
  `cover` varchar(256) NOT NULL,
  `title` varchar(256) NOT NULL,
  `keywords` varchar(256) NOT NULL,
  `content` text NOT NULL,
  `summary` varchar(256) NOT NULL,
  `multimedia_url` varchar(1024) NOT NULL,
  `link` varchar(1024) NOT NULL,
  `attachment` varchar(1024) NOT NULL,
  `create_time` int(11) unsigned NOT NULL,
  `update_time` int(11) unsigned NOT NULL,
  PRIMARY KEY (`article_id`)
) ENGINE=MyISAM  DEFAULT CHARSET=utf8 AUTO_INCREMENT=4 ;

--
-- 转存表中的数据 `wg_articles`
--

INSERT INTO `wg_articles` (`article_id`, `uuid`, `admin_id`, `module_id`, `recommend`, `status`, `category`, `cover`, `title`, `keywords`, `content`, `summary`, `multimedia_url`, `link`, `attachment`, `create_time`, `update_time`) VALUES
(1, '2ObL5mJ-zJU', 123, 6, 0, 0, 'gmat|origin', '', 'klsjdganfgdfg', 'sdfsdfasdf', '<p>      <img  data-filename="avatar.jpg" >Lorem ipsum dolor sit amet, consectetur adipisicing elit, sed do eiusmod\n      tempor incididunt ut labore et dolore magna aliqua. Ut enim ad minim veniam,\n      quis nostrud exercitation ullamco laboris nisi ut aliquip ex ea commodo\n      consequat. Duis aute irure dolor in reprehenderit in voluptate velit esse\n      cillum dolore eu fugiat nulla pariatur. Excepteur sint occaecat cupidatat non\n      proident, sunt in culpa qui officia deserunt mollit anim id est laborum.\n      </p>', '大法师的vfasdf', 'dvasdfasdfasdf', 'fdvldfmvdfmvdf', '0', 1428944009, 0),
(2, 'bsKdQCE3n2C', 123, 22, 0, 0, 'gre|', '', 'klsjdganfgdfg', 'sdfsdfasdf', '<p>      <img  data-filename="avatar.jpg" ><img data-filename="avatar.jpg">tempor incididunt ut labore et dolore magna aliqua. Ut enim ad minim veniam,      quis nostrud exercitation ullamco laboris nisi ut aliquip ex ea commodo      consequat. Duis aute irure dolor in reprehenderit in voluptate velit esse      cillum dolore eu fugiat nulla pariatur. Excepteur sint occaecat cupidatat non      proident, sunt in culpa qui officia deserunt mollit anim id est laborum.      </p>', '大法师的vfasdf', 'dvasdfasdfasdf', 'fdvldfmvdfmvdf', '0', 1428944194, 0),
(3, 'fWOKk8YruBm', 123, 15, 0, 0, 'sat|', '', 'klsjdganfgdfg', 'sdfsdfasdf', '<p>      <img src="data:image/jpeg;base64,/9j/4AAQSkZJRgABAQAAAQABAAD/2wBDAAMCAgICAgMCAgIDAwMDBAYEBAQEBAgGBgUGCQgKCgkICQkKDA8MCgsOCwkJDRENDg8QEBEQCgwSExIQEw8QEBD/2wBDAQMDAwQDBAgEBAgQCwkLEBAQEBAQEBAQEBAQEBAQEBAQEBAQEBAQEBAQEBAQEBAQEBAQEBAQEBAQEBAQEBAQEBD/wAARCAEsASwDASIAAhEBAxEB/8QAHwAAAQUBAQEBAQEAAAAAAAAAAAECAwQFBgcICQoL/8QAtRAAAgEDAwIEAwUFBAQAAAF9AQIDAAQRBRIhMUEGE1FhByJxFDKBkaEII0KxwRVS0fAkM2JyggkKFhcYGRolJicoKSo0NTY3ODk6Q0RFRkdISUpTVFVWV1hZWmNkZWZnaGlqc3R1dnd4eXqDhIWGh4iJipKTlJWWl5iZmqKjpKWmp6ipqrKztLW2t7i5usLDxMXGx8jJytLT1NXW19jZ2uHi4+Tl5ufo6erx8vP09fb3+Pn6/8QAHwEAAwEBAQEBAQEBAQAAAAAAAAECAwQFBgcICQoL/8QAtREAAgECBAQDBAcFBAQAAQJ3AAECAxEEBSExBhJBUQdhcRMiMoEIFEKRobHBCSMzUvAVYnLRChYkNOEl8RcYGRomJygpKjU2Nzg5OkNERUZHSElKU1RVVldYWVpjZGVmZ2hpanN0dXZ3eHl6goOEhYaHiImKkpOUlZaXmJmaoqOkpaanqKmqsrO0tba3uLm6wsPExcbHyMnK0tPU1dbX2Nna4uPk5ebn6Onq8vP09fb3+Pn6/9oADAMBAAIRAxEAPwD9CVHY4/D60pOB07UwMO2MYODmhn44rw7npji2c9sUhJwB1NNDHrQXx3ouFhp6E4xk4yBQCNu4k4HOAe9DN1JNJxj/ABpFDmJ4OSexqMOGAIHI96GJznv09sVGzAEZbgdfek2CRMGc8jGDTg5+YgrnB+bp0quTltpI2/8A16dGxJz07Eg+1CYWLactgEHHfH+c0gJxsz83sMZ4pkT4HuePXPvSFgxwp685/uj2qrisWs/LnHIzTR13c4IpofjAIOeOnag4yMk1VybDgwPXKsfSlj4P3s59qjDqOCehzTgQTncc8DBouFiVWwMleo4HpSk7evH17/5/xqMucA5HI7dBRuxwf5U7isSZwOvXr7Ux2HJwR9abuwCQfakY9Q3rxQ2Fhjt3B5A65rxv9oy1vH0fTr+FwYoJ23RCQAvIVIT5cjeMk/KCCePcj2Elc4AANcv8RvC6eLvCl5papEt0kZltJJBxFMAdrZ6juDjnBI70oStK7MsVSdajKC3aPh7xf8W9I0W2t9F1VL7TZfJ33QlRkVnYAAAYG5Tt4PUiPGMBkbxnxj8cNRuNVsta8OXPkXtlKJbeZlUY4AOQSdynncrZBzgg9a+k7nws/jC0kg1R7G7WTzLcO1tFMboqjEcK3McbM5XLkH5cdFauZ1b4VeELl4l07RbKzlaSSVhcWhd9ih5FLPG8eBtMIcMoI3qckiqcOd8krNdf6t/XU+Li+R8z3R4hceOYviF458K+KNChh0bWbPUbV7yKNcGGRJY8zxbvleMAbgGJZcEMCoD16f8AFD4teO/CmsT6p4C+JGqRwWxCNC9zHcxpIZWXkncrsMoD9eeQSewt7HQvB2mx3djY2MFz51zbuq2CwRTwMJFkjbKuwztXaSVAG0A/Md3nPjbwPoHjVmm8Ia1D4e1G6nbNnfRE6eQzK48tkUGHaAx2kMOgUL/F508E6U4OnK0Y30+Z0xxjtZPld7h4H/ab+IPiO7k8K6zrcLa3dSAabLqIc2t05OBDIOfLcjIVkG0nKleQa7zw74m0r4lBNAuZLqfU7G1jOpCWL93byoVjkwO0jMrNtKHkDGSDXyX4o8P634dlmh8UaTdafcbgbeRlyspCqTsmUmN8BhnYxwcZxivQ9N8Ualr9lpHjOPW5dNebULfRvGDRTMjOiBTHcucggvEJFJyMsnuTXRTqypVFzu8Jd+j/AMn+enXSK8XiIc99V9x3yafo/wAJtUj8U3+qsLO/JEQjhz5o3bTjZkHIG4bgew5wC0XxL0/TfGfhuy8X+CriaTSoHBTTYNgKzTOfMkbb92RncBxvzgnjBJGN8cPE+keJtJ8PWuhkG2a0lmW3UuAsTGJYSAwyMpHnkclcZJznlvgT4iu9M8Sv4UuXmfStXhWAwPLJCEnO3Y6sPmUE4DMFPy44PGOnkUU03p59Di5JRp+0vqaPw0t3/tDX/CWqHdo6W0l7dqqFo7OdEOHB5ClSQCeRuUZHFet/sm/E/VvhF4wX4V6xe2Mmj61q7RwvyWWR4k8qRH3EFZG8tduDyc5GDnx34j+MdY8C3+s/DHT/AA9a6XHNMPtlxHIJ2vo3UFXyxJDSI6k5YkdPkNdJ4G+EnxB1nwF4Z+K2g28i3Whag00ReCQyTiBt6MC67ZIx5ZTIc9McbMGny0178jtwM6tGsqkXo7X9D9NyxYA4HI4ppJJ6184/CX9r3SvF/iGz8DeMPD82g6zcuIInMqvbyP5YYfM21lLEMApX+7yScD6JRw67wwIPOQa43ofcUqsKseaDFkCupRgCrZBFfLnxU+xfCvx/babbaPLeW3ieN1tUub1jZ2sXC3Ua2wBZsxyHGWKDeoCZUV9PmaPcV3Lkds189/tSWU1z4g8BT2dvBJcC+nhjZ3KkblQldw52nZyO5CipUVN6oqVCFaUXNXs7novwnW5/shnvJXleFIrdZZAQ7qqD5mDfMDnJIbJBJGa7okdiB+NcX8M12aE3B2mZygMjv+73HYNzkscKFHJ7dB0rrw7/AMK59eKVV++zWOx0mQenWmngHA68Um45zTTJk449M1vc5xwJ6A5pCwBNNDcfnSHI9etFxji+O2aTrznrUbDnHcdeacOFz1PvSuFg3fMrE4657UD7pbChgM+lR5PKn+I8c/0/H9KcSSCmOOMYOelK47Axw2SRkn169aTLZOCScc49KaCN2WGT6Z96UEY47845xQOxOGYEnaDnrg9acWKgEE8c9agLkZyQOcZp29zu/Hn/AD9KdybEu4KRgnjk08vghSeoznNVlcbjknjpTg/OQxwB9adwsShx0PTrn0p6SADpzmq4YnByOf8ACjfjnjA64OKLisWjIxUZFIHJ4PXp9ai8wgYJOT2pUIJ4IPpzTuKxMDkkj05ppY8g4pFPUHoKR2OPfvQ2CGFlHvSSgGNkYZB6+/FJnnPPpz3psjH2Bz1pFI8N+Ifw+HhKWfVfDnhifVtLv0dbyyhVWeFSynZEOGKOS25MlQOgAG08Rc+KvDECRDU9TDXARIJBNEyecfNQuSjYwc5PXAGMjAAH1GyRyfK6AjoM1514j+H9/azzXnhaa4jWRQzQLIuFKvnagZehDSD7wC5GAeMU5c++54OY5XKT9ph/mrfkfNE3ibTdX0abQraW5vNWu9PaFxZxNc/vZVwxXZk/wu+cfxNznk8xeeBdd8Q3q30el/2JYKhkxqKbGYCNs7Ys+YP7wJwCBnJ5Y/QWr2Gs2WsNBcadJa/6LC4eNk8uEgOpO1zj5RhQMMDuTAODjA8USxNaLBF4f1O6eWznQyLayMA20bgnHXbvwVPAQAHGNqaUnebPnKuHcHao9ulrHDQeDLLRbUaNHp4umW3tlmnu0EyXcEjN5qKrfKij5OAMleGZjk1xniDwl4VtdL1G20fwRp+mR67GttqEen3EcSJEku6AhMyQ52AMTt3BuvofSNVttb1U3DaNo2qSTLEgd7hTD8gkG5VeTapABHGc8ngYOOeX4ZazqV7F/wAJfPdC2kMOI7QrNMH3NjcQSBhio43csOerUpQVVcqXb/P/AIJnzTWlO6/I8a0bwDo3i7V7y40nxFrsRjSOWea4mgm8lVYBeAEJAYkbQB0J7AVq3Xwqt7C6E0PimDUL+Jdlrb3WiyQwYChlaV1lkKgHJ/1ZJ2AZwTXs2m/Do3NmbHSIo7Sx028mliiRFaeYAo6ltxwfMRwPMcnBEZPQCvM/jhb3v9q/8K60TQvEEEGnj7bqNwmk3TSXLOXAwjKrFFJcqf8AVtlRkbc1nOLj7vT8So0qs3bp3Zg6l4YtviZqOn6vfSN4i1XRo30nzLRyLbWtRaWSW3t1MoQnywzGZgeVCKNpZTX2JruvzfDvwvpHhy38PtNaabZw2bzLcJGSY0VQsa7ABkZJwB97CjL8fLXhYax8PYZLu3WKHVrO0+yabBEElTT/ADgFmmfg5vJDujJXaqIAvmFdm3I8Y694z8atFN4i8ZeI9NvJgFhd9SmbT/MEIUK0G791nADODj94SQehwqc093/wP68vysdlPF0KCVNa/gcj8TtSivdflvbXTH0W7iKNmQfN8pKqPkQBRtwQRx8igEYBr1TwP+1F4x0v4U2+i2+pRx3nhYtFcplZLma0ACxyBSv3EaRYyBz8qnceVPsXwD+D/gL4i/By0sPib4T0rUdcLSJe3y7DdyKJC0R+1RHe37oxDdvyQMHPNec/FD9i/VPCWrwaz8P/ABNPJodws1tdQ3aebLap5ZeFTjHmxGZI16blypO8Biu8IKEXG/8AXluexKjWp4X2tF6NX0fTd/0hdA+P+u+K5LtINSmj163gV4E81mtrxjwv3QNu84C+r4X5SSG2oviJF8aYli+13tlqfhm5Mz2E9sGkEsbbZUCn52O18bRyp253H5T8wa/4L8d/DSS1OtWMYskufsZvrGZpElhMvAUgjbh8r821s8Ac5roNc+IF5I+l/ELTpIY9btrn+ydRxIxaVowghu+P4mCOhIZlGIgBkVjapHRankQxVenPmhN/efdvwl8c6fqtsdPmuma5upJpraQjKXEKsvzqw46uBgnJIbG4DdXpEk0cbbWcCviHS/Gd1ZXug+LbWe4tNM1vUhb3jxOIvK1URhywQqMJNlgQqE/u3JLGQEd9rvxA+Imuag1xZ+LP7CihRIBAunrMZCFBaUkkkZYtgf3Qp75Lv7TVL7tfyPfw2eQVN+3Wq7dT7CZskDrSF8BiewzTQTnGTxzn1oDbhwOcck1uezYkDgg9fp60Ejcff9abkHjpk+tRxyxTqWhkV0BIypyPTtQKxNkdcHnrmm5OOc49Dxn/ADxRvwCMHHamlsgqDz69aASE3HOcZ49cU4SD/WDjjGO54pvG4Hgn36Cm7iG6jHce9K47XFdlBBAwOuPamhiwxkcf5/GkJ6c57AUxWVDtyfy74pXKSJnKhSenP5e1O3KVAYDHcYz2qAv0Bxu+n504Nnqep9KLisPJX5sHIPNG7JwBg4zUZOOnbFBbJyPSi47EobpjrSlzgjPT1qHODQH9PwouKxOsjEgk8E08vkjA6/nVcNgmpASOcdOtNMTRZViRtb6e1IWwKjwBg8c4/lSn1HpxVXJsNL87c9jTGPU5z9aV2G4gjjnr/OmlhkFuM9RUlJCYy3AJxSjntyaXIPUmgKAB6k5oAgvNPsdQiaG9tY5424KyKGB/OsSfwJ4ZeUzxaXFA5x/qhsBx7Dj8etdBx1PHPamlgBkkdcU+ZpWJlTjP4lc41/hP4ZfbG8e6JHDhSoJOCSFJxyuT0NLD8LNCjZ2NzdESsr7TJkfLjaOf91fy9znsgWAI64OKMjbxjpxmq9pLuYfUsP8AyL7jg4fB+laJqMlppoVJrld6bkVtrYIDgEFRsXgDGDkZBo1f4UaRrNvJb3OpXqrMVM7LKd8205HmM2S3RRk84UDoMV2bQ27TrclEMqgqG7gHqP5U8sPUA1jyrnc+rD6jQlHklFWPKI/2aPh2ty11fG+vNwXcks3ynbjGSoDE/KOpPSug0/4LfC7Trf7MvgrS7jBJ33cAuJOTz88mWx7ZxXbbjx0pGJ9c02x08BhaTvCmvuPFNY8GSfBjVD4v8HGYeGGctfaQuNlnn+ODP3Y8nJj6AnjapbHqUjWPiTRDtkD297DgMhB+Vh1B/Gruq6daavYXOmX9uk9tdxNDLFIoKujDBBHcEHFeX/B3VLrTm1vwNq80pn0G7MKNMRkwHJiOcnJZAH9BvxxjAhjjCNCpyJe7K+nZ/wDBX5eZ5D421SHw14x1fQLm+aKOz8v96/LtD5W/ZuOepc8jGOPauNuPgp4K8Xwa3qHh17jT7/WrUvcC3Iks5rgDzI5mjBzxLGhwnDZxh92R9EfEfwR8Kvitqr6Xd6zYp4k0yMLut542uIFYAqJIznKnII3Dox2kbia8I1+z8TfBvxZY+FbvX7bVWvYHkt1slJnjjB5mljdiIwzAYPzA7WBPy0Q9pCVrafjY+YxmV1sNVdSkrxb6dPK3keL2nhnxf4Uk1b4SeObGe2GuQS/2NdkBre9uonWYNDM/y7ZCiBmPzAP82z+H3T4PfEu61HwPaahbf2LJNO2bp7/VTDK0qqqZ27GwCipjp9O57ux0C48X+FIru88NtfRXRzDHctEstv8AwF48DC4VRtZCcjaR6niYfAF/4OuL208Oas1hZ39y+ofZJoJgYGkxlVEULKF+UEA7SM42gAE680KejRlD6xhGqkYNN+R9okgD60KVHJOM8GopnSFHdhhFyWJ7KOp/Q1zXiLXnhaOKzudqmIsxVueR0P4fz9hSPtG7Is6x4hMrpa6ZO25t8cjYBGOMMDzx97v059DTvD2ohr+5sQwYDDjnrjg/n1//AF1ydnPJta7A3yPmOIdee5Of89fWn2txPp0u+2uCZMhnZScEenvz2qebUzTd7s9KBJztXvTN2O+cHp+NRJOJYhLGQUkUEHHUGnBuCPx4NVc1sPyTnnAJ70Ng8HqOM+1NDEDA6ZoyQOT9PypAIx5x69aaSuTgdf5UMTmoywHek2NEobkA0E85BHWod2ed1OVgSCTnnpRcdhS5BIz3OKGY9c8D1NR7sFh25HIpNzYXOMmlcLEoc87j1pfMUFQXALHj39qjBOACepPSglVbBOffNFwsTZ49Kl3sOecZ7mqwI46A4ODnn/PSpN3HA4FUmJotoQ2cnNBbOe3TpUUbjkk5/wAKdv3du3pVXIsI7DJPHJzx9Kjcln4wM05iQTluf50w4LA8k+9JspIkVwMHilzzwDUQyMHoKXJ5yefSi4WH5+bjgdPShSWJYdDnHOfXj9f50wnjOORzXOeK/Ftr4ethCqPLcy5KIhyQMden1qKlWFKDqVHZLdkyairso/EP4r+EPhtpVxd6/qtrHPBC00do1zGk0yjsiuy7jnoM89OuBXyl4w/b31t7mKPwx4etLO2UMC925l8zqFwylQp4Jwc5A6ius8d+EfhFIzar8Wr57u+mDyQG61CeR0jyCQLZZAxj+Yg7VwM9u3E6hbfsy2Ngmnf8Kxv2sYpoUkddOldwzZRgHlkEgzuxgfdbLfe5HiR4joVFajSnLzsrP01/4J4uLxFab5YzUF+J5z4h/bF+KWp64usWOoTafJDburQWZDoeDhjFIWViCR0GeO2eaWoftf8AxGvtfGqt40vIlgLPDFFGqxCOTHBUfLIo2tgsrOuT16r3Vp4P/ZE1KZILnyre4tobh5Ib661G1UFH/dr5juASF3AAPyQeuK5H4n/sz6FHr0cXg7V7nR7S5l3wPqBNxZPIYVlDJcR/MqH5RllJKkvyQQeqlntCUvZ1FKF19pW2+9/cee/rC951W0+z/r/M9D+HX7b/AIrt9Q0u08bCz1KxZG82W0gC3Nx8rbWUGQRqQwCspx0J+n0v8QPjJb6B4FtPF/hy3+2QanYm+tJ5BsiEewOGcHDgbCW6cBTnFfl34h+FPxA8D2bahcaQtxpJad4NRsW+0QbYW8p2+Qb0QsVXLqpyyjgk16T4T/al8djRLTwzq98l5ZwWZs/INlFHHHbsnlqoCINhAGFIyBxnIyK9CvN1aDqYVpy6bfj+X6HRQzGpQhJVm3202Pd9Y/bq8daPq32Kb4UxXEUYMUgj1PhpgxBKP5ZypBTAKKckg9MVQ0D9oXwV8VvGevRT2z+Hb3XYLWzsdOviVj1aUTMrnz1ykUvlLGgBwS20BxgGvNn+Iem+IrmS3urO1uvtmh+cskoAZLqJDG5XLLgjyoGZBgnY4Gd3OR4s8I+GXvbi1OnMmnQQR3yajaSRRuFuAVeOSM7VcGQkAggkIOCCBXn0sxldU60LS7ryttt107voZSx1WqrSldfc/wCv6aOz8Us+ja4VCWzXNlbOkX2K8XGQ2VuRcB32hVZHI4BGV+U4NdN4J8M/EX4ifEnTNZ1AW04tvDy28Op38zRG2QOcySICHkmUyFBtwjkghtvznh/gBJY6Jrl54L+IWNRvoNI+2+H7iZWmVZIssYwcEMRHCzIzDaBGyDll2/ZV9oTDXfDlnY6dFaR2djKogSIKkWFCKMDO0Bnw2044LDGSa3q4ydODVJ38/wDL+vv2JwMKlKTfNdO34u2vpuc1fWkmmeCtM1jwtcTrPouqi01GK4nEk00o2IU3lgqq4VNoCqhLbgiFsDpfFXxA8P8Ah3UY7HVXCTtAkpHls3BJHYexrRGk6ctzfaL9kBWfU7e9uzMsbR+bFEpQIF4zvXdnqrxsBxtNfPPxgdNb8e6hO1ppl9Hb7beJ5baORkVR8ybiwPDl/pmuHF5hLB4dVZ6tu2v9eR9RlWGlVcuZ7/ofV+v6qjaZNsUk7xgHJyoYEH6n8eK4i4klJ2ghi5HAHU9K6e5hSeBoZowiksoIbPGBk47cgj8PwHKWyeZfxRyMY9jZJPUYGc/pXsvuLdm67Kjx6dp8atKUw8o6YA5Y+nr/APrqhP5dsfJjIcoTuYn7zen0zmrkdxBHDLJajbEv8Z4Mrd85xwM/rWS03msZAqhFPygtnk9Dn2rKIWPStIdH0qzZGDDyVBwe+MH9c1dB654qnp0TW9hbwFQGSNQQOm7Az+uashsDrWtzWw9j345ppJJ4P0pu4ZpCSBSuFgdxz61C7nsfxoduOvPpUEjE8Afj6mobLSJVbgYz1p4ckFcdR1+tVwSRtzx6U8PjGT3ouFh5kA4Bx2xntn/9dNJwCOpHtTCdy53Y6+3emkyFhg8k5xj2NK47FkPjOTwO/oMdc00sNx3EdCeRTQxGcZ7ZPSjIJPPPtTuKxMGIBI/iHHNSRggbWx/31UcbBgMEcnHP409CW9uOneqQmToSAOgGPWnhgMlu/eogcjGMcdfwpxO7gkZ65qyBWbnnvTM54H5013bcCMeuT2FRmTK4A69z60rjsTRleWUnOfX8KCQRgHn+dRx8AKM8Yxk9/wDJp+4jn8uKLgRXN0lnE87nCqucH6V83eNvitpNprF89vFLqN7MqhorSBp/IBBVVJdljDFg2VZl6dM817R48sb7X7GTQLWbyIriF2uJRIY9sY4I3A5XOeo5xn6jz3T/AIceJYYvL8NaVo9miYG+YSEEq25WHc4YnAI785HFfK57Uq42qsDRg5Ws5W28ruztbfpe5wY11JWjBHmK+LvCmmwz6xL4C8UzySyCQXj2kErsPmIZy03OY2KckcYzjt00GpeHde0QTaX4e1mG0Z4LiOCXQriMJsKsFCrGQwUA42NtycE42576DwRrMEYh1SWaDzEcK2nBRHGoGAMgK/8AESBgjj6CuB8SeOPh3oGtTaUbDVL67tpGW5AtMMHBXljKVOPlxkAgjkdqdDhenKKnXm0/J/53/Q8DEYjEYZe/Cy81b8jC8U+DPC+pWc9zN4O1yZ5PLEkaaW53HzJCWVMqckyDAII46dTXlkqeKfAFxLeeEPB3imXR3jn+26XqOjyNYSgsyPvXA8tvL6vGQT8+4YOD6nY+O/FniQyt4K8CW1tAyJHFdX0bSyGRWP7zA2oNpY5HIz37Ddl8Pq15FqPxW8dSKqwxyx6TDIqBXOVL+VFyT85BIHGfvda9KjklCkuVTk12e35fkee8ZKXvJfdp+J5tpVzD4r8LNrHg/wAPavpU17aLpt5p1zYTGR0kVEmZJFAUg4++oGBGpIXoPOfH37Ml14oU+LvA3hyPw/qF/cSsmlyusdtMGw48ok/K2Qx2qu0rtwqYO76w0jUYntLbTvh/4NkaMW+yO4uAsaKsRVRgA5fhzyWBz2bNLB4QsrNItR8Z60RLABI9tDuYrGIti7Y1BZUBAACqMc104fLlhZc1Gb/S3bzB13L4V/l/XofJXgn9nX4vXErNbS+HNNuN8N9bPc6iwQOQed0SsJA6KeA3qccjPV2v7M/jD7EG1rx5Y2nnWH2KOS3ga6jZAQ6Kzs0YdtszBR1K9B8jCvpvS7BbC1trbw3oq6bb+SIBeXkSvcOEzjaORuBLHq2QDgDGK6HRfB8kcnn3DEygGNJ7j95IsfJCopGEAPIByP8AZFdk8PSb5pf1+BvhcLWxLtTj8+h8yv8AArUIfDFlLPrAF0L2xl0rWr3SbWFYXR90cLRS3H7xGfOEYNgEqFIwK7b4geOfGdvqaadqnivRtIkm0qGS+tLKaVbhwkhG8SyKAsOVy2HDHJRi4wT0v7R/wo1XXvC9n4q8FJdTeI/C832u2VXd5riLq8Qy3XhWUYPKbQBur55sfHGp+N/HOheJPE1k9pqNrBJod20oMSTBA0kYIZdoeNjJ5mACDJHwOBWEsPRhTbj5v56fdt/TPpMFgKlGajN3/I+rfCLacvgPQoLe4hWSy0+GFjC6yKUVVDbGXh8EAgqcEqO2a+eNdsNKuvEWsS+I5Va6+3zAFYFYbN3GCcbgDkA9wAeete0/C3w5oeu+ChdwQi01O0kkgknt/ld9hxH5g5WQeWEI3BgAQRjANeb22g6144j/ALbj8Ozz3HywXR0yW2aJZFUbVK3F1C8Z8vy/kw4AK/OTlV+f4hjOcI2la7v2/P1PfwFRUJOU9FY+mHlKcmYBAQBgYC84/wAa5/7Fbf2nK1w58hleRScjksB7cZ7Vah1KPBbcCvIbYBkDJPWqzxnUrv7MsqhREzEnOcZHH5n9K+lk1Znnpala5uWu51tbT91FkdzgD19vw5/SrOh2P23VooEXMUWJJM9Co/8Ar0XzRabbm2tY0AHBbqWznv8AhW74Ls1t9LN2w/eXRL8DGFHAH8z+NTB3WhaV2dIG6ZwT25p2eAc54qFWzxn9aN5yDnJHr1q7mlibdjkd/ahyCp5+tRiT3oLYGW70XCxHI/HB6e9VmdVBJbCjn8KllOBk+nAqtJnIOTtPJBrNspImVsk5z607eMHnP+P+TVce3PNODEEZI5/zikmOxODkAZ5PSk6YJJGAfbHoaZ5mCM96Vck8dcelO4iXJDEE8fpSZy+Mfjj60gPv9aVW5BHB9cd6YE6sQQM85A64p4Y5J/rUakYyaUNzVpkEwdicD8c96cSSuSeM1GCRnPFKpLZx0zVXFYVifmHHBx1qLqdx6DkE05jg4zk5BP51Hnkgg4z/AE/SpY0SI7Y+YGpAT09TUOcf4CnKeOe/ehMCsbLzrt5pZGKfLhM/KcZxkd+tTlhGMgBRxk5GeMHr+FOJKgsT3qGTHJkxtHJ/z+VKyWq6glYNySKwwMEEEDvWVrvhrQfEdubXVtJtrpVO9BLGrlXwRuGeAcEjPvWoPmO8tnJ59qAcrwRx1oTBxUlZq6PG9V+AWpS6ZdWumfEnxEJPs7R2kUl1+6DBSFWQD769Ae5wec1U+H37NVl4e1FNc8Uat9tulQBI4dwVTnJyxJL84wfl+hr24tkHPGB1BoDg84yD60+dnAspwamp8mqOfPhKWKUNBrl5sQbUibCoOh6R7S2f9onrUNn4Sjsbj91b2xiIBVsECIjOcL3B+Un5sfIBjmunVjghuecc0xmAIOAGIyQDT9pLc0eXYWTvyIqW+mRQETTMZrhRtMjjn1OMDjn0q6Dhun4U0NkHnHOcUZwMv2GfwxUOV3dnXGEYLlirIDzxnv8AWvlf9rnwC2h6lpHxc0G0cywuthfrGOAN26ORscAZ3KzE87kGK+qXkjiXfKyoqjkk4FeX/FDW/Cfjbwvqvgi3mi1Ke/i+zqI1EoilOSjnnGVZQwGc5Ws6lenhoudaSUfM3o0p1ZWgr2OG+AXjCx/ty70YXbNBrUX2y2MiqoMq/LIAc5J27MDGf3bknOa4rxv4m+LPgbxjrOm+A49LgtLq7a7ufOeRWeYgIrYUkf6mOAduQeO59H+GPwSsPDMESfa7q5vLVA6ymXZsDHOQnzPwAwOW2kY6nJHp0uhXdtIxt7qeETHzWxawtuJGMkHG0gALgD+HPJJNfAZvxJRnBU6EOZxe70TX5326dDtjQUZtVNV/Xkc1PHLp/BJCq2A2cZx35+lWNAuCL8xOc+ZEVT65BH/oNbU1vDLHh41lDAkhQF2kegJ5rHk0ie2nS8syzhSTxyQO/Ue/6fhX6E9VY8daMg1CR726S1gBJZwoDHJLdMGvRrOAWttFaoQRDGsYPqAMZriNK0oRTG9nIVgdy4Ygj0JzyK3NG18PcCxuS25yPLc98/X3qYyV7IuOh0CqAPlwAOAPSoJr6CE/MxbGc4HT1qzwawbuMo7F8jYSG9/r69f1q7DlKxrW17b3A/dPzjOD1xU7NheT/wDrrjbiefTLpXEhAblCT79vz6e9aNlrn7wR3EmUc4znkHFTe24ozvubbtgZIGOucVE+W4yBzSswzhhnk/1qMnLFzjA5Hf1pNmqFB7jp0wBjFBbGcnPOaFKg4x7HjpTS4OemDz1/z6UhkyEMeMHPv3pzbC+Wxxy3H+eajRtuMZxknikDcAEdeDTuKxMCCDg//WNOViOnQVDkrkAZ/n/ninK2Ox+pFO4iwr4/wpQ44HH4VAJRu24OR7U4OCQoHNO4rFlTjHrTwxB46iq6yDbwfanLICcmquKxIxJGT196ZnjIzjilLbgRzTUTnI4JHNADtxAHTikVj64oMZ70mxxjkY9aAJA+eOeKaxDHDfiBTcMMhsdOlKwbaTj8BQAxdoXjp1prAHKkZ9sU7kYboDSY5JPTn88VIxpGP4s+vNZmt+ItL8PWT3+pXGyJCAxVS2CTjoMnHPJ6Acnis7xT4okt0Gn6K9t9qnk8rzZ2wkWR94j+LGR8uRnnng18/wDiLw811JNe+KfGOqyzwyBFu4khEUe/5AhQK+WzKuRuVGyQu7ZUVJci01Z5eOzNYVONNXf4J+Z6hr/7QnhGwieTTJ1vGiVpJCmWSNVVjucqDhcIecHpwDXH6r+0+wRJbGwt4IYHH2mdmWaAqSFUKVYSJlsjc0ePlIxkgHxXxL4N0zTr2SXVPHS2moecWN1FaL8odBKvmKGQAZG0hywDFRgdTzd7oN3aC+1TR9V00agtv595yIhfQuCkhMEhARiwIBbBPzAhlYGuT6xK+6Xy/wA/+D6HzNbPMZNu0kvRf8O/62PqLT/2m9Ei1OHR/EWlPbXE+PJeCZZIpV3AFlY7ckAhiuN2MccrnsfEvxq8H6FoEWsxXy3Et2fLtbZDiSSTG7ZtPIPrnp064FfBl/cy+G2gaGBrzw9cTqyW1xLv8uVcAxpcbsKAoOyVSSVBUjhi0Wn6h9r1UNcRf2hOMA3NyiuqAYXIG3GAQ5wBtKk7h0rGvjKlGDtZu2/n5r+vnsfZ8H0cXncnPEP90uuzb7f5/I918Q/E7xZ4/v0F/ePZ6Z5iS+UHEUQUsNqOCSWJwU+cgFip2Add7wHodpdTRwyWkDSyEC4j8vIbLBxI4ZNpbdEg4+UFcbjtBHmHh5U8trhbGKArv3tPK5jlIyyZRhyx4EikYwG24BwfVvhrdrHcvp91ZGET+U5llWLyVZWyxB2AhlYpk4+Y4OBgV8Zjak8S26krv+vP8D9blg44ahyUI2S+XzPpfQtNjbT12XZDYBZgACCh+ZT1wMgjGSRkjIIq9dfaVl8uyWzCoAHEgbIbr2PoVrjPD3jMQ6NE7eR5jzAJsJRpRsMoKK2S2V2kqSOS+D0z2S6zau0mJYl2uRgRl/ocjHUYNfNVKLS1R8VicHWo1HzI4+RZEb5j6ZGcAA/y/P8ApUaXCGVDIGLtnLAj06fT36dKat5E6KsDEyMArep/z24xyapysiFxGAvJyxPIyOa/a7nzVyK6fy7t4ixQMSUOeACOMZ9sj8DVGW6DkNCWXb0I4JPY5q3rcb3FvDeIApB8qTtwc4/XPPuKyhIW4CcAEbvX8Mf5xSt2A7rQ/EE89rC9xsKnKsc85B/+vVjUZUnYvG7qQv8AEv3euDnvXI2BZtKULKUPn/KQSecdMfUmt5TIsAwxlIXkE8k/j/KqiwbezKcsov4zZuNsiEsrEYAx36j9Kxo7mW2uHhkXL5YNnuR/hg1fuZfs12s5kABfqP4gff8AOq+vrGXhuV53DDAEZ4HejfQSNXQtUk+3C2dhtmXgEjAYf49P/wBVdGAwxnOfr3rzi1uHtrpZUwJI/mGeQGxx9cfj0rtfDupHUbR1dy0kLYJ65B6ZPr1/SpsbQfQ02B2g9TkMeccj0phyF2k5LcY609ivQdKiZtxII9ak0JUIwD1zzj1oDZP3s8VFvHfjHSnK+TnrmncCdTuO0HIP8qUkrwCBgd/Wokbn8OnrSuwzyOuB0ouKw/K5wTyOtCnAUk9vzpgYnHJzjqOv+eaNwXhj0Hp39v0ouFicEsMnHJ5xTlbnqcjIPrUIZ9wA5UccjHY9qfGQvBHIz1qkxWJx+Pfp605Gw3HHpUSgDIHHf/8AXTl68cEgYqkxWJicDPeggHqOOlIMKvUZ/lTS2M9eaYhSRjvxzSb8/Q9s01ipT5sD8PakZx90qCSQM0rjEdwcFhjkf41ieJ9afSdNZ7cF53IRVAyRk4z24Ga2S2Gz6AjH5V5d49nnutaliJt0iskX99NbG4EeQDxGATv79+AOnNS3ZXOXG1vYUXJb7I4/xp4rTwvbRz3SWFxM825ZMpLJPHwSPmUZY7zt2gjKr0BOPIfEy/F6fUP7a0bRtRs9HmRIRDfzoGik+bcrJIzS4J8zmQABcDkFSO/8Qp/YOtMuj2un293awieQXFwEadP4yGROEGU3KVCjHcHJ8T8S/EvxVLdvYQyDWbG6xY3V1poDvNEdoQMEG4SRkEEhSuWbGBgVySTeu9z4bETbum9WZt3o/ikXlzZ3dot5p9wy+eLa7Vysu0BFVcszPmM4wrcDnHbjrXxFceFfEVgl8l1Z7Yvs0qmMBtu8uGQt8uHEnUZ4Hp01rTx1q2pXp0uCfUv+EjsdltEkYdnvo1LBAF4O8g5CDjDMOA5K+1fDnRdH0nV726u9QbW9f0WG41KSBJBJp+lXMce4RxgNiaYMD84IWMACLJVZBFSt9VhJ1V7tv03/AK/PQWEwlTFVVR6Sdvv2t3Z4DrelHS7xdEu5bsrZs0QhZNsyFj8yNGQMMGX5h22468DZ8OLHOivbWMlspWGDzjGxCyY37lHIJYBtox0b5TwKxNe1Ftd1q7uRDLd24kkIIRY5VjVgFLKqg4wU69cDnAxVzT79t0pE0ktwgjFrvgc54BVM5GRtxgHKkE5BwAfHrynWjee7/r+rn9E5HgKeXUoYeGy/F7t/NnoljrE2nErPqErzTRiGSVEfytqYXIAAO4k5yeoI+bIBrrfD2o6jJrVvJaK7SWrPAgjjGFVxncc42cOW5Izk46A1wUEkqif7V50EF1FGyZQnzBsIlGSfkG0p1J5bOSDgdRBd3umT3+oo0E8kdxG935sRjJT5NxYcZIBDDB4Y+xx4FWKvZdf+B/wx+hYXCRdN6K7X9f15nr2meJ5dD8O2WqzeYJI1tUm8xWTADYmJG0bFClmyRztOM7cVuXc2uXYgfR/GX9lwxwiNoCxly6kjcCrLwRjGRnuTzx5jbst9ZyPLbeVFcF7GR5QpCCTap4UZGQkQ+bJO0NgDAGj4f8aTPp5NxaXFvMs0qSx29tGYldXKsF3SIdoIIHB4Ayc5AwhQU3fRfcefWy7ecFrfXZ+i67an0BNawu5mkUo/Yr1+p9T/AJ4qjLaEMghkRxjK5yuf8nvWkZ1kYttBKcKP89O35VCxKhn8wM5IySCT+AFfpZ+B2uU5LS5eKW3mt28ubIyMfL3Uj6Vzzq8GbaRCrJlXGfT3rqgsgUFsrliW/hx2x/n9az9Z043cBvbQfPF8sgz99RxnPcj+X0FCCxXOI9Htoh+786VpOvJA444963LOO2t4dqTF93d2BP8AKsO/t4luYbGSZYUt4VDYHfv+da8cdhZW/npGiAKPmbnP9e9OO1xMqX1s7twrYJ3YPpmmavu/s0MyZCOCSM8A8f8A1qrTatILh32gg5HTnG7jJ/EfpWrNIsmntMLdXIjU4PTrRez1BI5yKzvJG3wxMFOSC3Cj8TWzo050KWaW95jdANsfJLAjHHtk9fT1qhNq95tzGI4wDyAoJHPf8v0p+pSTmwt5JnyWOSB0HHH8qLlJ2Z2+4HBBBHY0wkDrmobAMLC2VuohXP5VKwxjNZs6EAY9/wA6ep9D+NRjntTwP8KSGyXOPuj8aXdkYY89ajyScU9VwMZ4+n0qhDsknCjI6nmgvxwBjvx+VIccgAj0Pp0pFfIIIHX3456frQIlywJ4JA6ce/8An9aehBVcZJxTM8jIPBHfrTogFGBnHQe4pgyUAnCqMAdMH3qZckA55B7/AEqGMlRkE8VKhwRz0zVoljxk8DIzxUQnWUEKcEEj149ap6zqX2GAJG4E82VTPb3qWAKshWMHaI+3oDgfzpsViUsOhXg0B+MYAB5JPYUBUJzt28jg46Y45/Gl3bXAG3afvH/PvUjI7qdbeBriQ5VFLEYzXjvi/W3uZ5NSsLyOKaaIBkjaHzRGB0DM23ADFjkEcDAOOfT/ABPJJHoV00TEOybVAbaSTxjPGM+vFeBePdG/t+1ax0vVbz7RzHPdTSoVXLbgFQ7VaUbhhcgcDdnPOVWVrJHhZ1XlGMaceup498XviBqtnbpp4vZo55c+XdJGsuxXyF5G4AMMgrkkAbgBwR5Na+HvEXjS9toNK0fUm1a7kYRX9lAzW92WznzCBsRdrNu/u7WLDHFdf438c+DPh7cSaB4c0h7nUIW8ye5vmMrzNkgEkkoNo5/dgAgDnjJ9S+GHhXWtGvnGtRn+3LuD7XqWY3JtoyqlbZQVJcF2hW4Kk5YsmFEbCTCVR0Ic6WvTz/4B8tSpzrVE3t39en9X7lLwdptrpV+PDMHnX11ZSBNY12TcXiQEq8UKY3JagsS0vV8NuKLg1LpVxHp8XxTv0aCHVf7XvbdlZyHWA3kisTlGDopmG1sDGwAYJZjtJ4ds9M+JviC20+K7iiBivhfbzL5TTeVN5kcjHe8Qb/WBfn+YY2cYl1yPUpPFfj6y07SLaFfskQCRgDZKbRJXjCBwPMeQvtYKSSG7gk+PiJqVKSXVXevp+dz6XJ4xhi6V9Ep2/r+vM+V5/s889x5yiI+YwjORyBuwo25yQWUdcZHbFamjXMcmoN9nhhPnxtBDLJL5eCcMrDphQy4yRgAngVk61Z6hpOt3WnySBmMjSjer5kLFtvJ+bdnAHTJ49Kl0q9gK7bgRyF/mbY4UE5BK46A8qOAeg4IBNNrnhda3P3LBq1SzPUrK0tpY5TbRs+6dZ1uEuf3iqoGYwuOpCL1wpyTgAEiexaCdZI1mMUN7bqdqrtiR90ZyFPA4xuXk8HP3STmeF9QS0t/P3Ce1hgkd1to1JcMWGQo4LYQLkAgKOnIzeEdvcq8NpfPaRcSxSZbggsZjtXcTwzD5cghTjHBbxJRam4v+vv8Akz9EwLTgreR0Wiavf6OsWoBPOurS5WWeJ8MZkAU7ckiRnJUNgHOY1B/ixvHR9WupZruxa+CTzSSN9llnij3FjxtjwNwGAx7sD2xXPXUMk2lWzwhGDyIk9u8OJJocBjtK/dDBmIOOqHqCa0LT4har4MgXRJrW+miUCa2ktp8B4XGV3deRyOvQL9awScvg3/r+v+GNalKc3zUEnLttp/w59a3lmwlCEbWXof7w+g6/jVN/Ni2g8kkAHORn2x+NdHPAk2BkBugP/wBasqe1MDMko8zdwwHIPPHGPav0M/mKUbGes+GDsdjKPmLr97rx06CmNLKNpSTCcLhQAEGff/PAqWTT4ZAGAMbk47YH1/zn8Khm065LCBLhT0BJBA/TPb8OaZm7mfemW1uPtsdssqPgK7fwHpj6ehxVe4nup1DzuCF+bA6L/ntWultKm5ZtrhRt2Ebg3tnj25P9KoX1h9jYMrFrZzwxJJT2/wDr00wRjyMSSf8AgJHJ4rpNzx6dHHA/lsyKDu7cdh07fzrGhtPNuSMfKWGAecc9a0dQmtYpo7W9bA2EggHqeO3+7+vajcZk3IKsUecNuOTgcZFXdSjCWNmJB8icsDxu4/z+dTrbaPbjzxLv28qu7Pp0qvq5ec20KD5iC2D0wcf4UgOh8LSvNpbySdfObGBgHgf1zzWqeuaraIkY0m3jj3fIu055y2ecfjmrhB9OlTJHRHRDVByMjntmn444HFKqHHTnqMinbGB+6fxpJD3I+emKeuT0BxjFIVY9j7cUuD0II9TTAHwT/geKMksBkkYx0pvJxn9KRcngduooAsfTnPFLG2SPU81GGZVwVOaVpCG9fwpiLKtnseKr3+qw6bAJJSWZ+EQdWIH8veqWo6zFpiqmPMnblIwOvbJ9Bn86yreOW8lXUtQkzvUYPGFxngc9O9UmCiXLOOW8kfUtSZ97Z2oy4Cj0x6VtW6kxh3TaSB8pHI+tU7QSSYuZY9qqMondj6/yxWiQT8pHOePY0CY1toJwvXrjv7/mKQE/eJJyfSlI2kEg80u0kgDg5wPypAZHim1F54ev7b7KLpzbuyQs2N7AfKu7tzjntXyj8SLsx6OPCOl6z5+rTMIYkikQzqSm8HGQ+cKWPAzknuSfsJ4VkiZX+YMMH3zXyP8AF/wynw51LxF4n/s+NriRHi0RThpNsgQzyqc7ixZ2UsSGG0kZ30pR5l6Hz2f0ZOnGqtluebeDfh54bfxJat4k1yz8R6xpE8QSKZSLFrhy3kQOpBMjEI0nJ25idWByA30H4XiebxHqRv4p7cXMpjG6FXeCSRwybSMryu5Sc/eXbnJ2nyj4AeH7i48LaLG8cNz/AG3NealqrpiS4ik80w227dkkKbeQrnIzKTjAJr0jwN4m+0/Ea+0jW45kn1Ge4m02J4Gk86IZPlsx4AACvkkKcFevyjy8Y3Wq+zjrb9P6+7U83CUZNR5Vs1+X/BRYsftFz4l8QahfrNbRpqqRNKXzHMbdEEbdjskjjY8EDKqQD1o8NaDd3kmu32rabcC/1tpbeCW6uBuljkgV7dN0ZLfutgQFflAZiDjBr0qPwXJcy3dill5FnJDBEbl5AHlC/MyvEF2sMs/Jbne/Bzubo9A8H6N4chSOygy6IkfmOcnaqhVA7AADGBgDsKdLL+aL9pon0/rb+tD28LhKkZqo9LO/zPz++N3gyfQdcaKeBDd2kASSXYxEhweSWORhgTnPIZR15bzKRjaPDtEbZJYLgIkJZ9pJ4z0yPl6fKcg19s/tQeAIbqGXxAsatHdxGOQMWOHVcgjnA+UNz0GOhzXxtqOlW+m3YWUGTzEMmPLBYAZG3b/D90ng54brkGvPpL6vOWGl9l6eae34H7Fgq6xVGGJj1Wvr1/HY6zwk1mfsViwKSCYsrLKRufIPlr0O1gXGM/xk84wvXWj2MQewNvJHeWsokiZFWLYGGFYYzvIXcP8AgPHHLeX6HfrG7yQSzedGFIIVcwktxjOf4ycdPmfsABXpVnqVtuSWG886JYpViIRkKpgEyF+QDnPIbgpjGMV5uNptTv8A1/XkfaZTi7x5Ga0NzLd2qtfTzLPH5jSz7SSrKoIYEkkgk7iCACpXpn5bj+ZOkUw0yS5EimTCW7OIWZiWTKJg/MWbOBndnGCM5cUjahfyC8kuZZBI8jmJGkkDg/MxyPl9ckd+OTiq97YxM6Cyt3eMKc/Z5F2q24llPJ5BJHUjgVyxjCbtUWnrb8WfRJKbSTs/T/Kx9+EE8jjHtUckKSA+YgII446VOAevGPSoycnjkHPev0A/l/cyry2aHJ8xgjcAqBkfn3qvHbqVIB+Zj85JBz7fh0/zxsSyZbyQoY4yfQVVuLfy0DvEGGeu47h+OM0r2IcUzJS2lj5xvJyysc8Anoe+eBUH7yPcssazq4AIPAIPsaravJq1rKUilm+yEgA5BdeD1YfNjg8/5OYkcTyeYbmPnPzEtuB/LtQzPlNSCCWG/WJAHiP3XPUL6enHT9eKw9RuFur+WUEGNW8teeMDp+nP41o2kcG8rDNeXRDcCJSiH6nr+OOxrRt9IEreXc20MEKEhduHdj67j2+v5UXSGonPWFlJcSLBDGxGPmYKTx1zx9KtTb7i7S0tRl5WVAeR04/LgfpXWpBbRKGhgijbBUEKBwe3risWS6/szVVuysRKscnaMEHr6c8nFNMOXudZZ2kdnBHZx/dhAG4jBJ7k/U8/jTjyvXP+f/r09ZEkVZEYFWwRjoRikGcnaTnb/WkbDgDnGOe1KAM5yfc57VGW645x2x/n0pytjnjaex7/AOeKAsMu5TBbvMMblQkZ6ZqCC4M6bsKeB0bOc5pNVaMWjLI+CzKBk9TkHH6GorRcKxBz0GPT/OR+VS3rYFuWcc8dD7U5DgYB59ajBBLHPIxnnvxUd1f21gm6d8FshEHLH8KaKLTkIMBSv19KwtQ14l2tdJUzTdPMAyo+nqar3E+o6uP3pNvalQDGp57jk9/5cUkIig/d2MDTP90kDOOO57UPQaXcjsrXypftN27yyHlhgk8+p+nrU6TS3M7RGNAkcn+qkOAcDufy4oWx1e4IZpo7cdcZ3H8v/r1d/su4IEkTIHB5HZgOh+tK76BIvLc3BkHnIuFAxhsDOPp7D/61WBebVIAGR1G7pWZHp+pFlM0kaKOSMnPrVyLTABl5S3HYAY5/GhcxmSrdkyYKg9B+n+fzqWKfzWwRhj0GaiFhAqDbHkgZ5br2qRbWKIh42IIGQCciqV+oywMbcZ9OK8m/aG8Ap4t8GT6hb25lvdMieVVAJZ4jguvHIJ2g5HPy4HWvWcgjJBPGDk9OP/rfrUcsYmheNjkN8o79f58VWmzMMRQjiaUqU9mfNHwN0uXUfh7okkc5W2TTG03Yg2zMWldbgKOwVzuDDn5WGPX07wb8KrbSvFMvi28luJHWPyLSGd9/kR7mZepJDKJJFB3fdOOpOdD4ceD5PBlrJoEMOyxsJ5/sYIxmOWQyADkkhd+3J5OD7V3Q45Zc5rGOHhTm5LfX+vmcuBwnsYLm36+o4HOOSMccdqafz7E+tDcHgjOacDjoOnatj0DM8RaDb+ItHuNLvIwyTLjkdD6/yr4F+N3w+vvB/iB51WSKORzvUhTEu102YySvGc/MBlQB6g/ognIz6dcd680+NXw0sfGmg3F7FCxuYbdlYIuWkj3BscDccFOF6E8EHNeVmWFlPlxNLWUd13j29Vuvu6nu5HmSwdX2NV+5L8H3/R/8A/OiKRrG9kEUTAh0dhgRSqcZGSuAuS6nkjjZjHbd8PeJLmC0tbKWGNY0cKVScjdtCsScngMHKBeBgduod408H3Wl30pkgl2tLhwE2oNucggYI6ccDByQa5kXF9Z3L20piElwWlG3BJAb5seX0GARkHp6cmvPiqeLgmtT9BpVHRkrM9g0+yk2WhExVoC0lrO0uxnXcu9SwyGxlVIBIOQSeq1s2I1G3jeEj7I6MFdJ7ZS7NsXL5ZG4PUYOCMHFeTw69Jp9vbiCRGeHbLC+wblYExLkNwMIpIG4DGTzu57zT9V1TUrf7Tp2pW6xbimI5kA4OFPzFDyu0j5RwRXjYnDVIatqz7n1GHzBSjZv7z9Ara7hvYvOt5Q6Nxkdj79/Sl3ZOM5PPJ4z0rz/AE3XZtPkDpllGA2eNwx0P+f6102h6z/aEbQzMDLGN4OPvLn+mf8APNfen88Rlfc2cgAtnnqQBS5D8EcH16VFnB+UHIPSnAgp8w9vr/n+tIsx9UsJSxeJt6HrGRnj+v05rJdgUEJt4hGCCAYwQTjriunkJD4x+Xb1qpd6Zb3eXU+XIBuBHTPv+VK5EoX1Rgf2jcQEyRqqAtllSM4YE9T2zg1afWLeS4NnOpRiQFbd8rjnGD2J/wAmoLzTp7Q/vIxsPAdRkcfy/GsrUV862trkY3LmJwDznsP0P50bmabRuS6o1qUikyUPTP3hmsfVb0TTIxYqAD8uMZz34+prQvNHvY9EiuHkaRkTfLEV5C+x6jAxn6GucMpMW5mJ2nrwcnuf5UJWLseheHzGNHt1jnWYqnzMrZIJO7H1GR+VaO8ZICkHrwawPDE1nb6WkT3Kq8h8xt7YwD0xn2xW2cEc/j9M0zRDgc8kcH8P89aFfJJIIxjjFIMYJC/hTck7toI47d6QGfq8geWCJiQfmc+nHH+NLDMyxsVwqhdzMeAPqfwrP1m7t21FYJXcCJQcx4JBIJIP1G3/ACahMT3JEBnkECDJXIBLd8/hz+NS1rcSTuW7jVpmYRaaquw+8+Mqv09TTbbTiJTI+ZrluTk5J+uTVm0sgQTCvkr646/T/HpWhFHHENiJtHr3NMu9iqlgDg3LBgv3UXIX2z61NsVMJEoCjHbGKlbBPU4PrTBgkY/z9aTAAhUexGc9+tWFUr2ye3tUcaEpkg4xyPT/ADxVkKOgPfrj/P8Ak1SQmIqgnjOAAOOue9OwMAL1Bx0pNi4Oe+Btx1PX+X8qjnube2VzNIEARpOn8IwM/wAvzqkiSZT6t2BzmmtNDFkyOq4O0+x64+uO1YFz4gnkty1pF5adTI4wdvXj6/p6k9KXmvcvHDE7Mdhf5sglj/nrSuQ5JbG3deIbSONViBlmfOFTp+J/z3rOGv37B4o9gkZiWcjIT2APGBVCRTGDaafBmY8PKVxt45C+h4qxGLPT/LikZpZRn5EGck9c+nQU3dEczYrXuqsDHHM5UcyNjDHgfl0GMYqSG8v7aAiOTYo+dmbDOxPqTn/Prikt5Li6l8sfu1BJIwGJOehJ49+lWYLVfKB3ktwQc44yMfpQrsV2SJqGrDZEkMbADG9yxJ9/zqzBrIVdhj8x9pI24AIGB1z/AJyKrCEKHjTIwh6Adye3+elOZUQhEUjI2L09cnj6Y/KqGpM0otSt5QWdTH8/AKluOueBxVqO5heLzA4AH1HPH9KxCxwZAvJ6A9x2yKWaTIWMZYnOfYZ5H+fei4+Znjvx6/Z8sfGlvN4g8HxwrqbFnlgEpVJCV2s2Bxzn5l4z1653fG+saDqKXMun6gptb22J8+OWVYyHVQSecYYBccAncuF5Kg/pVbXkiEuFiUMxyMZJ9/Xr/KvKfj18MvAHirw3feLNehfT77SYHuvtVqi75diHCsGwJAemCQecBlzXm18CnJ1KWj7dP+AfSZXns6MVQxGsdk+q/wA1+J8FXNrJBclWuTDtRBkArsCls7scDAILfQe5qcrpskccl6budym1THbkBUUlVHyycnC5z7+mKt6ho2otZNeWltOLfPlRloWzICrbckkqOR2JGQCelZDW+q2QWJ7G9UEEp8pIK5IBBxyOO3065rh1ejdmfXSxStdar7/8z9HdZ0+TSLnzMFrefI7DHscfQH061StbwwrGrZLKCQ4bnIPT8xXUXLi4tdhBf7YgZR/Cvcc9j0/KuOlBglELpgxswZsE55znkV7UJOS1Py5q2x2ukeIJJ7jyronMmEU8YVsYxx69a6H72DxjjqMY4FeXWc5EO5gAoIAb0r0DR76bULd5ZkjDKwXKn2FUy4voy1KTvJHGOtODAgbcjgZpZBnAYZPPOfz/AJ0zI5Y888H2+lSaEgCzbo2XchG0g981i2mnW0erTWmxjEjpIgY9ypP862lywye3SqyGNtZUh9zCJQR/33/jVIiSLboHyjKCpGCDXnGt2DabfSWqjK790XByynoOevp9RXprHb0wR0HvXNeI9OF9d+bgBltyqHrljn+X9fanp1FLYw5LphfRQhlJEe13A75znH9Pb6VsWGpT+RE4mOB1XHHr3GRXIRuyea5xwCgz2/D8K2rRmisZvJkDGOPnthvQY+lS9CFpsdos8cyCSM53dOenGaqajqcVhbedIcyNkRp3Y/4etZel6mUgRgSwHDYGD0/+t+tVgX1W5N3e7fLPyqg6KvYeuaVzaL5hLS0naaS/mPzv82GHcnNbdrZgP5swPIwFPp7/AJUWVoqDzWBC/wAC/wBfrVseuKCiRecgilAAHXOBSLjHPrSjkdBk0yRMYByMnnFPRPm27Scd6QH7p6EdT+NSoMkAjpwcepoSAft4PzZJXJB7cdhTnZQdpA459Cff+lNL7vl4+7g+/FEsixoZGO0Dknvj/IqiQubiGzt3nmJwRjgZLHHp/n8hXMXBl1SSa6un8qKNw3XcNo7DPbIPbmq2ray9zIzKGCsQqru6IeO3AOev0HXApZIpWs4IADvYhn68gckH065/Cne5lJ3Y2ZJr6BsIVbcCqgYwuQcfUgHmppJIbFEkeYmVlCKByx9x/iapXmsfZoRb2GHeM7DI3IH0H49aitUTz4ru5mdn8zazOMcle/fI7VO24i1bm6uTJAhe3jTO3byWI9e5+lXYLOJPLQoVlG4jd355/wAaesUMc7Db8suGGPU//rP502+uv9FabhHibGPcnH+fp71S13EW4wsUrqeC3zEY4A5//VS+cIYpI1JHlAZIHYDPH1H9aoxXTz7GGAZeRk5yAQfw70tkXMs0zocPKFHAzt6857Y4oUr6AWxersW4VePuDk4J9PTuevpTFk3K0m4AiPIBJwAehBqldXkFs0aF9qW+ML/E/rx+GOaatzfXZVLeBYIygJdxk449eP0qm7AjRuG2xFidpQrtLNx2Peq02qWcC7WlDyNxhfmJP4ZFURayS24muXd2PUk/yqzHZ2pufMWNMKgVcjoQf/r1ndjLMF4jr8iOFTk5ABx9PavDv2n/AIm2mk+H5vh5HBI19rdsGmkVQxtofMXll7hwrrnPBHXpXuQKRRb2JXJ34x2GTXxt478ead8VPjHaWKRCOytZ/wCznR7mMwsEnkBnUlhkMioflyTjHO0Z0pxb1NqKvK72R0/gHwbcQ6LYeFnSz1e31CSLzGhmEhiikwQ7AggDAdhkkHaVYMWGfoqy+HHw+gsrax/4RuwkWzhS2Qy24kYIigKCzAk8dyc1gaFptlqHiyJ7eSN4NHtVS3CyOXAO4At8/fDfeXOckYOc9pPd21m/ksmcDPYnn15qKtOClZot4mo37raMnT/31vNYYIWMhwSRnaevTrzn25qnrdnHLbrc2yNvhXEg5JC9cn3zz+J9Kltnkg1CKOeRBHIpi8wHgjrgenIAx/iM6Uiqsrxv+7hZTlSRyo7egGM+/wBKwvyu5icZF9xVD4O7oeK7zwxaXNtaSSzqoSZEaP5snGCc/rXDXMC213JACwReV3ddh5GfwxXS6JrMlvAto8iNEwOQednBJ4PsDke9bNpK4R0ep0jX9oHSAy/6wlVzwMjHH49vWrKgn34zXG6k6T2ryxsdsrgIRwdw4zzzzgj/APXzf0PxOxli07UEIY/IkueWbPGf0GeeRz1qI+8rmnMdKSFfPOBx07ZqnpgWa+urtdvzcZzkNjAB/wDHf1p2oXX2a0eRThydicj754GPfv8AhS6VALe0XgZfB6dv8/zNUgerL7nJ3Hgkn8awtRc/apEZw5wMBcjA9Prj0/8A1bEsmyJ5FG4gEhR6+n8q5S2uPPdt7EsT8xyTg/5//VQyJvoZOrWjrqJhjjISc+Zkjgtnn/H8afE6DSrt0BIO2MY6Zzgfzq/q1u0mmSBDG2z5lz1AHUZPXgVkTzSJYW9qgCtJmRvp05z26/lQyEa2mCOOymG1VMY54AOMnqe4ODWxYWyTEcBYl4x2JGOCK5+1DwaZNI0ilnwOBknJABJ/Ot/R5GlkZw3yBANnP3j3Pr0/nUo0g9TVb1pA3OCfrSFsjPVuw9aBnd14Pr0oua2Hg5PFOxgdelVZL20hZlmuokK8kFxn8qgOv6blhHO0pU5wsbZP6UyXoaa8E579qVXIOSc9e1Y48RwZ4sr3g/8APIf404eIbfvZXg47xD/H2piujYU55xyKw/EGqRt/oEch+TDOV5IbsMexA/SluPEUKxMsIaGYnb++G3HHXHc1jJFBK3n3d4gj27uXGfXrnrkev/13uZzl0QlsiMDdXhIiUEDn1HI/nx3qrfapc3ZMCjyrc7lIPBPHPPb1xU90g1CRJVuYREMbVEoAAB/+vUf9mylD5LrIVUkhcN3I4x1/+uKfoQVrVxHbugGctjJzwcYH64OfcU37XKwlzkK3zZJ9O/6VebS7mIBUDEjac/7RPXP1/kKiazljSSMpjZGBnk8nNIQ6DUnjtyvzYjYMMtgL1qeaaSeOYBmfG3OOewP86rixUR+UAd4wxXkkgnAzjp/9er81zb6YgSVFluHVcxAfdbHVv04/xp76oC1bJ9mgjuLh1VURiz9F7Y7d+v51Vlv7q58yOwIjjA3ea3BY9/ZRx9ayJ7u5vnVp5QEIIVBwqeuB0A/zmpFvMIcIFU/KM9+ep/z7d6e2wGta2Vtbq73EgkkKhfXDfj17US6i0DIF4VAMk4AHHT37cetY5cZUZJ3YJI5xilMUsjlRhiCAev5e/wBfapYGrFcvMgwOAfmx6jnHpVm0kEzzyA5BIHPf/HvWbcXkkYFpbnfKVCsQfu54wvT1xU9sUs7eaKEMXSPeTtwASOPSp2GefeNLn4n+P/EEPh/4Rzm1t9OMkGpancbY7Pzm+VIVZkYyPkMML8oPyk7hgN8G/svfD3wTot/oN74h1BvFQUztqawTRxxx5X5Ys/uzww4DMQxOSwXC9xp1zJYabZ+H10qOC3tb+G9BhdibjMoaYsCpGXBYZznknIJBGnqNvf8AiOae5vPJ0uymcyzQxH55XKhSzvxyFVQCP7q+gxsqkEv0E25K3Ty/VnNfDzw7D4XtL23s767vInlzHLcyRszLtCghkRQQdueQTknJNdFtaUlzFI2TkHy85B5qeK8020IhsoGnw23d/C3U5z61DLqWr+YfJijVfQR/zzXPK8ndlJW3LJsYIgFVeBgk56nj/wCuc/8A16qXyywMrmPeAwKgj7o9x+J5/lVySLyioimyoyQ2eB2/L3/yWSSXCsxYeYvCjH8R7fQUNIfkct4ii23yztGF89efmyeOv8x/jUVhIRPGHDYlYkgHrxj/ABrc1LTxqFuI4WVJkOUHO3tkew/Tj8KwhE8Fw0d0hTyF5GOcHv8AlVJ3VgZr2csUszMEAjjQxgHHPrn06f8A6qz76HYFZGOScgk4Psce/HbuPap7IKbdLbIVn3PKGHAU9B+OTT5ZRdTySGNShQIpUZ3sD1Ht/gKhaPQe5oaRfS6lZB7yVpGtH24AOWz0YnP1/wAmtY6u8EpMiFrdhwVHKHHI6cj9efauS0e9a1u3s9oxKF3n3UE5Ht1/KtN5pACTGNrhiV7kZ4UjjB5q+oc1jqbW6S8hWaPOD1DdQR1B965m9sxaXrxBSF3bkIHIU9O/bJH4Vc0OfyryZDJ+5aIy5IAGAR8x9OM/5FQ6tq1tfyIljAzmJsGbA5HIwPx9cfrTavqhv3lcegkUkfeGOATyR6Z7c/yrnNSVotReEvtjQIoGRlVwOn554rpIJP3fI4BPbBX8u/NZutWZlvbe4jX7xCPkccHIP5H9BSRIy5ASytrJdymVld8n+Eep/L8q1LS6isXwySONoVEjTkjuT+QrKJ+1auxBysOUBIwBgHn88100OnRIoe4BZ87ip+6D6Y/Sk9Co3b0KTalql0WS2gSIehy7fp/gelKdMvbsH7VcyPkYKlsKfcKK18BRhAowOAB0/oKXeu85JIxj6DsaRpy33KEGh2sIVsqCF4KIBjp/n8Ksrp9opx8x9t2O3tVpwPmIbBPcfT/9dMBHfGT+lOwcqIV0+0PHlkAZxhyMfrT/AOz7MtuaLBXjhz/jUqt0IHX1p2ccjrTQNIx9b0K3msZmh3+ZGm5RuyOOo9ema594oL7TJIkRhImHQLwGI69vqPrXd5H8POePriuS1u1m0a8W5gX/AEaQnbgDCt1K+3qParTM5x6oxbN43t3BYh8fKwPPTtWzbWsElv5E0WPPIUevTt2BwD+lUby28xpL+zVSCN0ijqO5IHp/+urGn3JxDEZFG0jqev8AnNVfqZGVJFqGm3b2onmj+YAbWI3A9Dx9f51qWMupm4Fq9xy4C8gc4Gf6/wA6k1mzM6faoVO6EbWGcnYe+fqenuaXSryKe5UkASHCgjOPf2NU2DZEb+/gndR5LMT5TSbcEEcAgZHp+lVnmgad47m0fLNtZt/O4nrz7kd61NUtB9r27T+9CuxBxg579uwqlrlv5MjNzllUhgOpHX8eAaW4ISS008sypNIjmPaoZOGz05GRj605tJkIX7PKkoXO7Y4x22g/rQxjvFtr9WJIcJLzyDnpj6n8qb5PlT3CoCroS6lT0H8PI+oqbdgEOmzrcggZVWIz3wP/ANVSSp9itvPBTznToRkk/wBOh9e3Sphe3cSWwWTeZidwf5wRj8+/rUV7qcL3Bs7+yaPyQSDFjDdMHB6enWpafUpWI9PijVI2cKX+8CgGfx9OvrUtik0kl15S7i7FODwAWxViztLO+lH2Gfeqw7XRVYED6dz+GKjuk1Vv3P8AZ8lskhJ2upBfAAOe2OnTpk9ajULD59RtbExpbYuZxld38Kn2Pc81WiW8vpFnvXZlyTtBwPyotrAwCEyxuWALMAp4wPSrAYhkicoR/rCMeo96mT5dh7l6zgjMWThVLMVGOevXkVbzBG7q2wc5GR2wKy/tMiFxnG0qQMY446VHPqLCVh5q8HoBnHt0qdWF0jYlhaBxEDt9c8jjr198Z/yahaZGYNIh3cfd5Ge4/nWhLFE/73cw2nbux978OB1NIYGYs4KgHCrnB3D659f5DpWm5pytbGdsgkc7DtZuecg1DdWEd3CY7mEcZVCvBHv/AJ49QavtZyAndsZiSQqnpznvjt+pquYp40+QsgVSGOPl60hcpzt1pd3Ybmhd2R/3YdcjaOM5A/D/ADxUcc7efEtlh1QBTlhhjjAwD06HmuiPnRjlFYEcnHbsMj69P8KzIdMiguVmjAhAJLRnnnaen5jj9aTZNjPs7KKTW0tScuTIHZV4DbTjHatw6U5ZvKkBCYYs4OM5/wAB/wDqqrpcNvLqE0tnIuEPlMWH8THORn2Uj6mt4zRW6Dac9dg6Z54H19aptoajdXZhX+mTqkdvbb3B+V9g5655HpwPy/CpLS0aNTFFZzoGADu5XI464Bz1rTgXZmdwBI+Pm44A7cjnv/8AWptvI7tNJKVyzBTx6ZB/Cp52UkSRWdo8TiAt5pJLFsqc5PUenas+9fbGzsgDxZccZG8DGT9KsacZmmmmaQlVO1eOo69aTUkbIKnLSKykdOx6Z4/l0puQ3G6uiv4bsGVA0iY2YY/0/Xmugk6H9KoRX1lbRiGOYPtwGKjOT9enamNrMWCFikOQeDwaTmi4waNAEqw2k4PJ9CKNrAnbj8PXvWadUcqZBblcHruyev8Aj/KpItWjd1Vo+QOzZOfb8qn2ke5XKzR2qdw3EleMn1/GmsSCRzg47981XhvoSxDuU5Gcjr+XWp3ZXZsFfX5Tx371SkmtBWY6NtwBPp0z0p4xnOSM+tMBGfXpTlI9cj1qkIkUgADGcHPX0omhiuYmguow8cgwynof8PWmZ6ZI6Eg4HtTlIJIxgEHHHFUmS0crqFjPoUreSzvbTjaG6FD6E/limT2kdyftenYDL87pn7xPOQPX/wCtXVzwx3cbQ3MayRtjKkf556Vg3mh3tpcvLpiu8U67Qi5zGx9/T37Zqk7mUo9irYXqyIFbks4DKec896zruzfS7pZkJMDNlGH8J64+o7e344s3cU120lxCgiuoDtdM5JI6/XGPxq1b3UV5bTxkIU24aM8Dp1GB7VSdjO1h63ENzN98MQgG1T97r603U447qBnVVDQuUBB+6D/kVQRH0y5Eu/fESQHBByMZKk9jirouWns0CZzM42hezdecYzwDQLYp6G2ZJbKQZSQeYg3fxDH/ANY/h0q5K5a5LyMo2YilHLE5AIwD9fzxUVjp00N61wwZRufn1yMcfr+VOkYyak6HkThT8p7cZ/Hikihptjts08w7lkKtz9B+OMD8qZqMX2155YQGmhII77lPUe+D2+oqe8nK3Vt5fPOWAPy8nH9Cfzpnmm2uLmUDJZgQAcLgnOf89+KNhFnwHDFLfyKNpOwZ56/MBj3r2FvD+kSAGbT4X2+q/wCfQV5X4VsvI1iWePOyW3DOD/C24dvSvaJ49hQn3x6dq7KMU4XMKrszMGg6F0OjWRGD/wAu6f4U19A8PSEu2h2ORyCbZCc/l71pBQAccE8cikTgkZJznNaqK7GXMzOHhrw+g2/2Fp3v/osZ6fh7Uw+G/DxJK6DpoB/6c0/wrUKFjhnHvUB3ZyZMZ5/zzQ0uwXZ5urEBGwQWf5ivIxkH6fw/hn3NN8yOR0fCKUUbmyOQARnnp3+lTFwI1YsD8wHTqen9BUKLtUqQwC8IDj/PTH5V5J66GqACu1wxxyT16/8A6/8AIpVDEEJgkcnB5HQ9O/vSKjlgoYYUkqMHueP8+1JhlPXIOcEADjjgn6dfpSAY0EU/DRDJyBgZOOnb6/rWHp97NqOoS2lsitAj/ISTuAxgYPXnk+vNdCX+bO0+4I5z69K4zQZ/sN7HIVYBGJkAzx6jA6nimiWrmvcedYNP5ar5shEkqnqVGcMMdevP/wBapLe/RypMDM8ox8jAlic/T3rMSae9nk1KSV42YbolLfdHGB06f4561uaPHEyefs/e4CgMMbPUfmPyoaTdgtYstEMLHtwHBA56jv8AzqGbTy8aQykxouPlQ44BB6+nUEelW3bdOOPurknp1H/6qytT1YtmCzPCDmTrn2Hp/jUOyKirsL/UobQeUih5AwQrk4BwOv5/561nxXV1cu7TkltrYTGMDHbr+nqKgdUT5Rh5cgYzx37YwfrU4RCpBAJZdilTwNxBx9MKv51g5tm3LZEAzyrlSxOSd2duT69uh/KrEcbKA24nvwMAn1NJtI2gKRhslvQdePzNPVj8p6hehYjPTrnuelZtlEq5ZQpGAP4mx07jtTvJKknfnIycDj19fenxDgscE568/wCf6VIyZO9eD/8AW/zzUtgIvl56YAb+E9Tkf0oBKkbGKkc8fnTyPmJwMY9OKa+OucZPAPXNF7CJYryWHIkUsowPcelXYZopUwrhweuOuazdock7cD1BxihQyMWibbjv/T9K0hWcdGS43NbC8Zznk4HTNKpIABAySe1VYLtZl2scMOAPXkdDU5LAZLDIU8e3v/nvXWpJq6MmraFjhSVIxjqT6dakXkFBkcf5/lUMTkHB+YdO2P8APSpkO47sLg8/TFaIlmXq/h97uf7baTCKZlw+Rw2Bx9OgHpz+fMuplWR0LR3icOmOTjIOB6+o/r19BGDnJHA7NweT+VZuqaNDfxSGFVjuWAKTdwccA47HGP8A9VV0M3G+xzlpcRXtuLablTjdkcenr/n2qld28umzowMnkjdtYjGe+PY8fj+dTy2lx5hNxA1vcMN2M8SgEg4PY8Hv/PNSpdJeRrbzplXby2TJHv65yMCi9tzOw+3vTJDESQ80hDdOxx19Mf571U8wPqyhWO2EhRuOecc9Px/EUyWxu7SZ7i2ZmQH7oxvA57dxz/8AWqLSZRJeyiUr8zHjbnrkcUAXLNlmaW4dAVVtx5yQf7o9ewqMm4l82eSIhHRlA28AAdOn+c1csEX7IUkhUhmGMnGQCPzxipRPHeWku4LsY8bv4h0x+RH5ihIQafrbaKyXb24mWWFonR22FR8pz0PpxXuMtys4X5du3PfNeBXlp5kFpAAGwWQtjkZx0P41Iuq6wt9LHL4k1gxMNoxqEoxx1GGyDWtKtyrlZnUp82p7sSHwSQMc0gbPXk9/Svn2+l8Q2lyRD4o12VCAwjOpTFsEH/a/z+tJZa1qrJJ5viLWGLYIzqdwAD7fP0xW31hdiPYvufQuQDgc5PIpuH7Ffxrw1jq6vlvE+tE4JP8AxNLjj0x89Vy3iLOY9e1wqem7VLjP/oyh4mPYPYs60qVIYkYJ/L1/lTWHz5GQvU49P8n9apQ63YPDFuu/3gTBGxvvY9x60/8AtCyYY+0oD15BH868+6PSUZdiwuN+MfKTz7c0OSd34EYx09P50kUscy74yjg8ZDcZz60h++duCT6d6AEZlUckfL3x7/8A664oXDXt/IkPlKkspwQuGKE9M/Sup1W7+z2U8q5BCnb0OCeBXMaZB5ZaZwDkYweD/KpKSNWzt2nuYoFwIY1zIcnjnp+Na0gFrdrcgqqzfI+cAAjofy/kKj0mAxW3ntgPMS5A9OwH8/qaravqBX9xCRmM+Y/rheSPyA5HrReyE1cj1O8DP5cJI8zknoNvQH6cZxVARr9nAAbY3H3uc9v6/pUzY813IIC8DacgDjHbJ47VUuZ5IVjmsWjlictkkEgHjB65Gc9zWEm5M1irE2+KOQtJnbGNxH1b8Oc4GOvNWfLdYtsu0s3zNnnBPb8BjHPaoYIPtMi3TqV8pVygz9/rt/4Dx+P0qGO9kn1RoQ+6Ncgjbj5uhP1zxWdit2WHAkkKswCL8pX+92zihS4JQE8Lwe44p0eNhLt8gGN3bHb8/wCtRCObcHI2qrdCeWHrUsZdVxtBHzdhipBj7/IwOvfFRQQfNkoW44z7c1OwUOx6kjHPepEOXn3/AM/5/OjJIJ79eR+tKFI64GeaUEE5A7ZOf8+woEBTqOue3akRCw2n6nv607OPlByB0zz3qWNNoGcfnzTsIhER7AZzkHJHPrx1q3bTO2I5CN4I/E4oIAAUDp6DvTXBBz2GOtawk4Mh6l1VIwOfxqxAnzAFc54PtjpVW3mDLhid68nA7f0q2gIcAjHfHX0rti01dGTJAsaH5cADoAOOtBTjsCc5qQYwCMZBGM9T1qPBBU7cn25q9iCnd2kN7C0E0YK8EEY4I4yPfrXM6lpsltcFQpcOR5MwGST1Ab39P09K64YC98ZwO9QGNHyr4YAg4POGHII+hpDcbnJ2k+LjZLtYSdXH3TwV4PT0/Oia0guI/tUabJQdpIA5B4yQO9bV9oSXsrShv9dkHGBtfuQO4PcetYq295p9xPZzwM6hfMMnXKY5Yew6+x9KaMnFoY5nt9OktplYs4OG6g5OMURzBbHZHnc7KNvGQQfSrkE0bxFmCsjAbsjCkZwc/nn8Khk0zbEsVrMEbBGxzlSVwMj0654osSPWeOCKLzI23McqrYOMY5/lVOe323jNuzvO/nnAPb3x+tSSwS/bFWS3KquAGznHrz0/z71dliC3DzOoIRAiAqcEnPH4Z6eh+lAFDUm8u8t7on5UPlMSpwPX+bflUup6Vb3HlyW7JE0jYyOhPUZ/X/69TT2wkjmtix5YHIXpzwf5g1FDIyILNhtkTGCBkLnoaBlFmu7Oby7lGO5gdwYlWOOB/nmtuC4spIw3moeBjceRx0qsl0yymGRflKlCMZPHc8dxUsFlaXCmVd0eWORG+BnPoM4oSuK5+fQ/aY+N5Of+E1yR3/s20/8AjVSH9pv44uCD42ODwQNNtB/7Sry3oSPSlU5PPavoPq1H+Rfcj8//ALRxn/P2X/gT/wAz1KP9pn43xsrx+NtrL90jTbTI/wDIVWl/ap+PSjH/AAnpPbnTLM/+0q8nXkZ/z1pygU1hqK2gvuREsxxj3qy/8Cf+Z6je/tP/AB2vY1il8bhlRt2P7Nsxz0/55e5qtH+0j8bVyo8actwT/Z1p/wDGq85xQBT9hR/kX3Iy/tLGLRVZf+BP/M9Yb9qj48ImF8dY7Af2XZf/ABmqi/tO/HFi8jeNyTIChzptocjv/wAsu9eYSk7Cc8gZFUmYsoyTxjFDw9F/YX3II4/GW/jS/wDAn/metf8ADTnxzktvLHjcAFQDnTbToBjr5XoKSD9pz44W0bpB44yWJJP9m2nBx6mI15P5jBCvbOKmiUAbsml9VofyL7kX/aGM/wCf0v8AwJ/5nqsP7T3xuW2ECeOiEweBp1oDz158qmp+0x8a4AEh8ZhQOeNMsxn/AMhc9BXlsKKU3EVC7FGwvTrjtQ8JQf2F9yEswxif8aX/AIE/8z1ZP2mfjcQqr41wkf3f+Jdadf8Av1Uy/tO/HBflXxxnjH/IMs+n/fqvKbcfJ+NSkDNT9VofyL7kN5jjL/xpf+BP/M9UX9qH46AYHjkgc/8AMMs//jVOH7UPx0HTxz0/6hln/wDGq8qWndqPqtD+RfcjN5ljV/y+l/4E/wDM9UP7UXx1I2nxzx/2DLP/AONUv/DUnx2Ax/wnPX/qGWf/AMaryoUUfVaH8i+5C/tLG/8AP6X/AIE/8z1X/hqT47bQo8dcDp/xLLP/AONUo/an+PA5Hjrr/wBQuz/+M15RS0fVaH8i+5B/aWN/5/S/8Cf+Z6uf2qPjy3Xx32x/yC7L/wCM0H9qj49EYPjs4/7Bln/8Zryiin9VofyL7kL+0sZ/z+l/4E/8z1df2qvj2jBl8eYPT/kF2XT/AL81OP2sfj+SG/4T7p/1CrL/AOM15AaVCSKuGHorTkX3IHmOMa/iy/8AAn/mewL+1p+0Epyvj/H/AHCrH/4zQP2s/wBoEf8AM/8A/lKsv/jNeQ0Vp7Cl/KvuRH9o4z/n7L/wJ/5nrZ/av+P5/wCZ+/8AKXZf/GaT/hq74/dvHx/8Fdl/8ZryWil9Xo/yL7kH9o4z/n7L/wACf+Z64P2sPj+M/wDFfdTn/kF2X/xmmn9q34+kqT48GV6H+yrLj/yDXktFH1ej/IvuQf2jjP8An7L/AMCf+Z6Wf2kvjWHaSLxqI2Y5O3TbMD8hFilf9pz47kLnxuDswB/xLLPOBjH/ACy9hXmdFH1el/KvuQv7Qxf/AD9l/wCBP/M9PT9qX47gHb45GD1H9l2R/wDaPtTH/ai+Om3D+OAQRj/kF2fT0/1NeZ0hRWGCKfsKX8q+5B/aGL/5+y/8Cf8AmesQftDftF3lhea3a+IbuawsTEt5dR6JatDAZCRGJHEO1NxVgucZKnHQ0zU/j7+0Zo32Q6xrt9Yi8t4ry0afRLaLz4Hz5UqEwjejbWwwyDg4zivNItX1a20qbRbbU7qGwuW3z20cpWOY5Ujeo4fBRCAc4Kgjmk1LVtV1W1tLbU9TuruKxjEVss8pfyY8KAik8hQFUBRwMcCl9Xpfyr7kV/aGJt/Fl/4E/wDM9I1H9oX9ojRZLX+1/EV5YNeW0d5bfatFtojNbyDMcqboRuRhyGHBHQmnXv7Rf7QWmWunXl74u8uHVbZryzb+z7E+ZCJpIS2BHlf3kMi4OD8uehBPm2pazq2s3Ud1q+o3F9JHEYYzcv5oijJY7EDZCKC7EAYAJJGDVW8urq6itba5upZYrGEwWyO2RDGZHkKL6DfI7Y9WJ70vq9L+VfchPMMS9qsv/An/AJn/2Q==" data-filename="avatar.jpg" style="width: 300px;"><img data-filename="avatar.jpg">tempor incididunt ut labore et dolore magna aliqua. Ut enim ad minim veniam,						quis nostrud exercitation ullamco laboris nisi ut aliquip ex ea commodo						consequat. Duis aute irure dolor in reprehenderit in voluptate velit esse						cillum dolore eu fugiat nulla pariatur. Excepteur sint occaecat cupidatat non						proident, sunt in culpa qui officia deserunt mollit anim id est laborum.						</p>', '大法师的vfasdf', 'dvasdfasdfasdf', 'fdvldfmvdfmvdf', '0', 1428944239, 0);

-- --------------------------------------------------------

--
-- 表的结构 `wg_article_module`
--

CREATE TABLE IF NOT EXISTS `wg_article_module` (
  `id` smallint(5) unsigned NOT NULL AUTO_INCREMENT,
  `status` smallint(5) NOT NULL DEFAULT '1',
  `module` varchar(64) NOT NULL,
  `module_desc` varchar(128) NOT NULL,
  `layer` smallint(5) unsigned NOT NULL,
  `upper` smallint(5) unsigned NOT NULL,
  PRIMARY KEY (`id`)
) ENGINE=MyISAM  DEFAULT CHARSET=utf8 AUTO_INCREMENT=25 ;

--
-- 转存表中的数据 `wg_article_module`
--

INSERT INTO `wg_article_module` (`id`, `status`, `module`, `module_desc`, `layer`, `upper`) VALUES
(1, 1, 'gmat', 'GMAT', 1, 0),
(2, 1, 'gre', 'GRE', 1, 0),
(3, 1, 'ielts', 'IELTS', 1, 0),
(4, 1, 'sat', 'SAT', 1, 0),
(5, 1, 'tofel', 'TOEFL', 1, 0),
(6, 1, 'origin', '大仙原创文章', 2, 1),
(7, 1, 'multimedia', '大仙授课视频', 2, 1),
(8, 1, 'information', '商科学习信息', 2, 1),
(9, 1, 'news', '最新考试动态机经', 2, 1),
(10, 1, 'exercise', '测试', 2, 5),
(11, 1, 'multimedia', '授课视频', 2, 5),
(12, 1, 'requirement', '美国名校本科TOEFL, SAT要求', 2, 5),
(13, 1, 'news', '最新考试动态机经', 2, 5),
(14, 1, 'exercise', '测试', 2, 4),
(15, 1, 'multimedia', '授课视频', 2, 4),
(16, 1, 'requirement', '美国名校本科TOEFL, SAT要求', 2, 4),
(17, 1, 'news', '最新考试动态机经', 2, 4),
(18, 1, 'exercise', '测试', 2, 3),
(19, 1, 'multimedia', '授课视频', 2, 3),
(20, 1, 'requirement', '英国、加拿大、澳洲名校本科IELTS要求', 2, 3),
(21, 1, 'news', '最新考试动态机经', 2, 3),
(22, 1, 'exercise', '测试', 2, 2),
(23, 1, 'multimedia', '授课视频', 2, 2),
(24, 1, 'news', '最新考试动态机经', 2, 2);

-- --------------------------------------------------------

--
-- 表的结构 `wg_students`
--

CREATE TABLE IF NOT EXISTS `wg_students` (
  `student_id` int(11) unsigned NOT NULL AUTO_INCREMENT,
  `user_id` int(11) unsigned NOT NULL,
  `username` varchar(64) NOT NULL,
  `password` varchar(128) NOT NULL,
  `course` varchar(32) NOT NULL,
  `purchase_time` int(11) unsigned NOT NULL,
  `start_time` int(11) unsigned NOT NULL,
  `end_time` int(11) unsigned NOT NULL,
  `init_pswd` varchar(16) NOT NULL,
  `reset_pwsd` smallint(5) NOT NULL,
  `status` smallint(5) NOT NULL,
  PRIMARY KEY (`student_id`)
) ENGINE=MyISAM  DEFAULT CHARSET=utf8 AUTO_INCREMENT=111 ;

--
-- 转存表中的数据 `wg_students`
--

INSERT INTO `wg_students` (`student_id`, `user_id`, `username`, `password`, `course`, `purchase_time`, `start_time`, `end_time`, `init_pswd`, `reset_pwsd`, `status`) VALUES
(1, 0, '000000_wg', '$2a$08$/cRSfl45x.8ESV1kMTzfEuKKmvJAdXJXsAkLkDLpVzXYIrh0FUYVq', 'gmat', 1428256111, 0, 0, '2up3zf2s', 0, 0),
(2, 0, '000001_wg', '$2a$08$gcgrwbZ0zysRN76ixHJ4XORRG5c.766uErrVlxL4MQ0Kk8RnVfsvO', 'gmat', 1428256111, 0, 0, 's5GDLgUK', 0, 0),
(3, 0, '000002_wg', '$2a$08$haUyF2edgxfOysAm1DT8r.CcTTnXTY6g6SdQyldze7N6TqVC3uxd6', 'gmat', 1428256111, 0, 0, 'LwnzNbgQ', 0, 0),
(4, 0, '000003_wg', '$2a$08$3Pe3zAZ813mFVk6/rCfWJ.7b.vOJNvxRANCPxsRhm3MHMwkAYfRtW', 'gmat', 1428256111, 0, 0, 'JD3oQ1oq', 0, 0),
(5, 0, '000004_wg', '$2a$08$y/iTyP654A9hh0YyqvLhjOmS14ZWR1i5266aCl/BOjOykaCjYjDlu', 'gmat', 1428256111, 0, 0, 'MtYhGCWw', 0, 0),
(6, 0, '000005_wg', '$2a$08$jLgf.EaBVaoDrobgKnV7seBF4TOOGq1KZONTl5AbvKC0TaBG5fcQ6', 'gmat', 1428256111, 0, 0, 'FqDfvZPN', 0, 0),
(7, 0, '000006_wg', '$2a$08$0oO50NPWcru5jPDDqHDZjuJXQZcxpZ9hD0WcNz86UOo1IgF3Azr.6', 'gmat', 1428256111, 0, 0, '5CDEPRwQ', 0, 0),
(8, 0, '000007_wg', '$2a$08$7Q2W6PrglCcXpI.zZ.fOmeGUqjHatwbXdFg2rQX6yzt4cdvGWmSLC', 'gmat', 1428256111, 0, 0, 'xgFdb0CS', 0, 0),
(9, 0, '000008_wg', '$2a$08$D.Bod4PidxAqfwGPIENv9OPChf.3MoJiJpD6dpYYymqGOX63ilUN.', 'gmat', 1428256111, 0, 0, 'EcIVomNM', 0, 0),
(10, 0, '000009_wg', '$2a$08$Y.HzwgKdG7Xyzr/d0V0HNuA4ii25liC3VNkoNltrYWFLbGS2bDSEC', 'gmat', 1428256111, 0, 0, 'xEiP50HB', 0, 0),
(11, 0, '00000a_wg', '$2a$08$sYGbuq54VrmXAM8QpxW.uez8bSjI1hRlFUmvO0uVqKnYmlMfzImIa', 'sat', 1428256116, 0, 0, '52UokqIQ', 0, 0),
(12, 0, '00000b_wg', '$2a$08$W31dpg.9ZfrWyzm2a3LTceT8cwwh/XW704QWupZr1orXFDglKCGk.', 'sat', 1428256116, 0, 0, 'kUPQtXBL', 0, 0),
(13, 0, '00000c_wg', '$2a$08$cJXdNYdtE8UVEV0xYsZ/qOrPz.iBpw0EwitEqnhi.fkDgukgakBNK', 'sat', 1428256116, 0, 0, 'LIbkpl3l', 0, 0),
(14, 0, '00000d_wg', '$2a$08$0mLJimPxxuzC588Sl//lv.6kYi/CjXQluMxhRJ0ghKPZDu0eeVUZW', 'sat', 1428256116, 0, 0, 'vRkUHpzS', 0, 0),
(15, 0, '00000e_wg', '$2a$08$vaNLhXB/KY9TlDsPPwZQ.Ou.YAiNA8C5YpBK1V1I3c2t9P22Mtcne', 'sat', 1428256116, 0, 0, 'NENPqK6m', 0, 0),
(16, 0, '00000f_wg', '$2a$08$ugeLifACZB6PSVeEKtbVZuno.SoA4MFrbgszWKDFwITJXS/cDQ0oq', 'sat', 1428256116, 0, 0, '7Ewu4tgv', 0, 0),
(17, 0, '00000g_wg', '$2a$08$rGOAdI/vAoqUjuLmTGcyP.dAtkHO00AqwZHVoRqotqEF2ZdHi9R1u', 'sat', 1428256116, 0, 0, '8h4SWNoz', 0, 0),
(18, 0, '00000h_wg', '$2a$08$4U38HC5qxOZAByg8nOOEjOtV4a/RmVTEjrrlBPh/BfGXNiJFoDaCC', 'sat', 1428256116, 0, 0, 'mETPvx0u', 0, 0),
(19, 0, '00000i_wg', '$2a$08$GJJOhpefFrdHBnMt4/sgYesI67gc2y1D695MIFQjnNer7TfGHQM1q', 'sat', 1428256116, 0, 0, 'yG3tpZaW', 0, 0),
(20, 0, '00000j_wg', '$2a$08$E/C.mUYFGZds9On8Jbb.ZOxs3mWy4ucTE6aO4Lnnvc7p5hiIMB2Bi', 'sat', 1428256116, 0, 0, 'KDcYnaST', 0, 0),
(21, 0, '00000k_wg', '$2a$08$RxCTsysrK0EDQ9tKLyV0xeQtCvAYv2mb2l66Z9m.Quavxdmt4as7K', 'gre', 1428256120, 0, 0, 'jOovpDzE', 0, 0),
(22, 0, '00000l_wg', '$2a$08$w1u.t4f3YuVNQbZtIXauiO/A9XvPi6vhpWyeru8g6gJIlBWYPev9q', 'gre', 1428256120, 0, 0, 'kG7VAUns', 0, 0),
(23, 0, '00000m_wg', '$2a$08$mXW9miSgiB6VJWLbP1Qe8uhcDAkDKPrkIdprgOFJnJBzij0hnUFcG', 'gre', 1428256120, 0, 0, 'cLtwLsn7', 0, 0),
(24, 0, '00000n_wg', '$2a$08$vrmiIDaYeHqoNqbxJPDiJugrky8Be/NDrsxEq5qBV54sblz3YzAgO', 'gre', 1428256120, 0, 0, 'xDhuwOUV', 0, 0),
(25, 0, '00000o_wg', '$2a$08$2NUsc7RcgYjeqen4vJvtL.Ji7pFwdGakILA5/Oa1OHHCArwe4UVii', 'gre', 1428256120, 0, 0, 'dZYdbIha', 0, 0),
(26, 0, '00000p_wg', '$2a$08$YWg4KOok/RJKUhUYWodksuYxL7s1.vHTEw5caL0LgMvr305DakH7q', 'gre', 1428256120, 0, 0, '62NoR6xt', 0, 0),
(27, 0, '00000q_wg', '$2a$08$GvPNQTFkCjTNHhXm84um1ekktvDIUJpCfqYwxHzw5cUr0I4Ets4Mu', 'gre', 1428256120, 0, 0, '9sAVDLEN', 0, 0),
(28, 0, '00000r_wg', '$2a$08$Cqhsh0r1D4GMazRBzYrGn.I.gQ5HTsfcEsCTdRzS5XCPPXQB06Z6S', 'gre', 1428256120, 0, 0, 'r7OKdcX2', 0, 0),
(29, 0, '00000s_wg', '$2a$08$cUQzePU.gID2etPUTWDRVe36iq.HJlebIi5ISjpjOtGemZzlWGJEu', 'gre', 1428256120, 0, 0, 'O9rHzpg5', 0, 0),
(30, 0, '00000t_wg', '$2a$08$yEIvD0g6ZgtibD0pVdh5ouuIK/pmDZbUAaYKSoP2enWg17qBPvo5S', 'gre', 1428256120, 0, 0, 'dFUfPreg', 0, 0),
(31, 0, '00000u_wg', '$2a$08$epYrE1tTd7GrER8WZ4P26euba/QHa2SyemokPqemzVFoNs1ZrSto.', 'gmat', 1428256613, 0, 0, 'dvCMOGAB', 0, 0),
(32, 0, '00000v_wg', '$2a$08$dokFFaHJgSA/42jXLqbnfeWTJM8C6QM9ZsMu2uaolZaQ4VlZfeQve', 'gmat', 1428256613, 0, 0, 'FDrhbVg0', 0, 0),
(33, 0, '00000w_wg', '$2a$08$s5OhDMXK0DEWfefrlkxdJeaZy8X96L.b0ZkfcnZGgbgiHV0ljqDd6', 'gmat', 1428256613, 0, 0, 'mwOvhfNN', 0, 0),
(34, 0, '00000x_wg', '$2a$08$CmG7E6/gWpTUQTRPqItQXuNtdSIy/3J1hbjm6fscQ6HEhLO7nQXnK', 'gmat', 1428256613, 0, 0, 'vfVXJRmR', 0, 0),
(35, 0, '00000y_wg', '$2a$08$J00qfVKqz8ovBzsPAd2Bfu6aTi6qnq.0S3YwBivy5/ISTYQLhMYjy', 'gmat', 1428256613, 0, 0, 'afX3YT2d', 0, 0),
(36, 0, '00000z_wg', '$2a$08$9Gm/WtBc9Wr02Cofr7pKBOVozsOcaqWJac9jKmwv.R1gcxZVjhYZW', 'gmat', 1428256613, 0, 0, '81IbqtSD', 0, 0),
(37, 0, '000010_wg', '$2a$08$OqzfD9YETYjjLi5hudeUVuab8wO6DG6dXcguDkWgoRtP33mWHqSc6', 'gmat', 1428256613, 0, 0, 'wtkvJzUt', 0, 0),
(38, 0, '000011_wg', '$2a$08$uQnaCgE4C0c518dpi3Naj.x/2Y3fsbeHQD92mhAOeugzRm9RlQIV.', 'gmat', 1428256613, 0, 0, '91q47OqT', 0, 0),
(39, 0, '000012_wg', '$2a$08$CdVqkk37WXVhBxymntSOFeShaWz5vzQYoG4.l83RN66C.53S3cRIC', 'gmat', 1428256613, 0, 0, 'UM53hNEM', 0, 0),
(40, 0, '000013_wg', '$2a$08$egxblLHX4J8ma1aAxtI8Ue/ShNHuDfG3BasL5owRA2urzEwlWYWp2', 'gmat', 1428256613, 0, 0, 'bLTIRLe5', 0, 0),
(41, 0, '000014_wg', '$2a$08$cGjh8.bkoauluCqa9MbvwOOblVFdnNwNxSwFN3u0xLwsdmhWOWVuO', 'gmat', 1428257096, 0, 0, 'WVne9Imb', 0, 0),
(42, 0, '000015_wg', '$2a$08$TOSUbjGB.JFFvpz.95.tDeX4ZZvidkb7xdPW90ij1PEcuvDLtYqx6', 'gmat', 1428257096, 0, 0, '2emfI3zv', 0, 0),
(43, 0, '000016_wg', '$2a$08$4sPYISce87OzIxkFcCYCX.B4OvTleim9TjHKClFrq5kJY8hSd16vS', 'gmat', 1428257096, 0, 0, 'UWZGnKf7', 0, 0),
(44, 0, '000017_wg', '$2a$08$0ZEBs63jsoRwjTSAGIZPXeJanE64AqWCRmniANrlprshH74AKcidy', 'gmat', 1428257096, 0, 0, '9QlzuLRj', 0, 0),
(45, 0, '000018_wg', '$2a$08$DLqw8aS8quhchH9mxCycH.r357WRBN0qVVKLOsxFXBvnRcECAKtT6', 'gmat', 1428257096, 0, 0, 'iphnQc1R', 0, 0),
(46, 0, '000019_wg', '$2a$08$wIakSN4VxavY6Zy1oCDPqeBhBJBaLtriPKpo5ansNrVQnn6NUUVCm', 'gmat', 1428257096, 0, 0, 'ZZNGrrcR', 0, 0),
(47, 0, '00001a_wg', '$2a$08$UoXd9Q.j.6GBvZW/Uq8Nh.SIyLriJSzDwhmn5m9Ac8NMxA6wj1NJW', 'gmat', 1428257096, 0, 0, 'bXHf4PLQ', 0, 0),
(48, 0, '00001b_wg', '$2a$08$46Uo.VwEbOUFt3lk6ophhu5QqNeABTonV7SbhLhCV9DclRlzSjqce', 'gmat', 1428257096, 0, 0, 'RnQCYE7J', 0, 0),
(49, 0, '00001c_wg', '$2a$08$SQaNLwmkpH7ESyD03hqGfeT.5wmcNBq2.bNu1PyogfF.SwkwdNH/2', 'gmat', 1428257096, 0, 0, 'P5DVWhh7', 0, 0),
(50, 0, '00001d_wg', '$2a$08$ip5D.b6dq1qqiqVU014PS.NS88EZGOcck22j/y5hyehFkzMLZpejS', 'gmat', 1428257096, 0, 0, 'dsFXbOKU', 0, 0),
(63, 0, '00001q_wg', '$2a$08$6edSI9GfzTdD3SrQdlBaGeo/ccMvrdtIlsoiAo8kQhMhQvLfwdqk2', 'gmat', 1428257401, 0, 0, 'Ko5rn3Ri', 0, 0),
(51, 0, '00001e_wg', '$2a$08$AmZakUgDZlmrQwOvAQNCf.oHiVziLerVkBmOSV/c5VeVBWKdpvViW', 'gmat', 1428257214, 0, 0, 'CBQLKUFP', 0, 0),
(52, 0, '00001f_wg', '$2a$08$qDxlj2y5sgM13plNzHgV9.flYLRxr48MTNQ9lQ.o51/YsmakM64Wy', 'gmat', 1428257214, 0, 0, '8Hqvx2nE', 0, 0),
(53, 0, '00001g_wg', '$2a$08$ffom0SRFl20t7selEkI9DuKTIs0JB65B7pbfUmQZ3zybzNKDMvmtW', 'gmat', 1428257214, 0, 0, 'eQSrpnqC', 0, 0),
(54, 0, '00001h_wg', '$2a$08$HETeHLA78mmdHwKVnUUm4ep0sArUfLJAr48ZBbik0zn0U5L9Py70y', 'gmat', 1428257214, 0, 0, 'uzkMyVxk', 0, 0),
(55, 0, '00001i_wg', '$2a$08$PdFZN5pxmYL9xe0QLPzEs.j0vgSmhjIRNd1gRAH82.lDoksW.QO4C', 'gmat', 1428257214, 0, 0, 'G882UeLO', 0, 0),
(56, 0, '00001j_wg', '$2a$08$kWPQohOOk9dZ4o6rc.hB0eTF6EB8ATnu5HonHZcqXr7uUtZBPtzJW', 'gmat', 1428257214, 0, 0, 'oh7UOZKz', 0, 0),
(57, 0, '00001k_wg', '$2a$08$JBKAVLzuZAgIOHYGmo6NJu6ZRkz2nPmX.2WrRnotMqTyNK125e1XG', 'gmat', 1428257214, 0, 0, 'OLtDLDzT', 0, 0),
(58, 0, '00001l_wg', '$2a$08$EeuVFVOoZWzStLfVADQ8pu.VOJLbE3uF0567e7An7s7eF.QH7wpOG', 'gmat', 1428257214, 0, 0, 'SQGgBeaK', 0, 0),
(59, 0, '00001m_wg', '$2a$08$eCXpmXb6uPQl.d6rHdy59uzxsKKk6SuOj.Ri/03KYwKo5hokXMEyO', 'gmat', 1428257214, 0, 0, 'FTfOoZeo', 0, 0),
(60, 0, '00001n_wg', '$2a$08$7afDn8dFpkOvmqjs2IX43.o1zGO3Beu0prOa/nm2Ia.cH7cyl6m0u', 'gmat', 1428257214, 0, 0, 'S1KttXTW', 0, 0),
(62, 0, '00001p_wg', '$2a$08$wxQJajELLV8Lnu8kRHvlCuUNw6Z2hgS19K2YHMNAu7.q7e6kGmfam', 'gmat', 1428257401, 0, 0, 'bwWV0zJp', 0, 0),
(61, 0, '00001o_wg', '$2a$08$WsIc8MBaoVlbVOTAAp2V7OCSea.WBxvEeqfi/zs2wBNKsZL0MFZXC', 'gmat', 1428257401, 0, 0, 'u7M4Awvi', 0, 0),
(64, 0, '00001r_wg', '$2a$08$44PBqDPohVzXki9OgoB/1OumOX05XJ9VXSH/kqY4SXBsx/UHGgdU6', 'gmat', 1428257401, 0, 0, 'wh4SJlHN', 0, 0),
(65, 0, '00001s_wg', '$2a$08$HYmZ5DaVxKykNtwFAiUxIujNlgKXevoAGgBAK4AgHiErwb6sskWJK', 'gmat', 1428257401, 0, 0, 'K64oFcNA', 0, 0),
(66, 0, '00001t_wg', '$2a$08$cUwrOao.mJyj3bfe8bPWTud4qsZJFUweD3RaPc.o26y6Eq5QrnOda', 'gmat', 1428257401, 0, 0, 'edKWmMAr', 0, 0),
(67, 0, '00001u_wg', '$2a$08$DzDxLuHf/egk9icNRvLZ6.FnvmiebjHHpTt.b7xsXo6tBS.gelAsO', 'gmat', 1428257401, 0, 0, 'lwdlNh4N', 0, 0),
(68, 0, '00001v_wg', '$2a$08$CMqZ9yFQ5NxmM0W6voo0T.Jq42qx6xdV15n7nD5xuO09vn.21uIai', 'gmat', 1428257401, 0, 0, 'xefF3Fcw', 0, 0),
(69, 0, '00001w_wg', '$2a$08$u8bk58G2fnK8zW7ll/ERKe9Ncnc2yQuZQDhgZZ5Q3EyA6pyRfCozy', 'gmat', 1428257401, 0, 0, 'qNmy4YD7', 0, 0),
(70, 0, '00001x_wg', '$2a$08$h6RACNX8ezlgj6uv7evkl.d6UzQHSB7mDKQ7SqnxaH47u7TFWqaJS', 'gmat', 1428257401, 0, 0, 'yAcypEbj', 0, 0),
(71, 0, '00001y_wg', '$2a$08$kBetmRN/JF7v5wDkOcAMluSVpw8Zog/aolE4NanxIBxt/L3tD/pnC', 'gmat', 1428295071, 0, 0, 'guPdCIlt', 0, 0),
(72, 0, '00001z_wg', '$2a$08$518pocKaWct9fsKeIbMBx.jEJSOeTQ4xmX4yZZoqHbEJTe6eeHlHm', 'gmat', 1428295071, 0, 0, 'nakUwZ7o', 0, 0),
(73, 0, '000020_wg', '$2a$08$pQ/CE1lCPH5NR6l6OPGio.8ab/P.ToXY6Dt8JrBjKdS.zh0j28gtO', 'gmat', 1428295071, 0, 0, 'MztF1duJ', 0, 0),
(74, 0, '000021_wg', '$2a$08$DQjhP/fcsB03I66zG2ETKOASIUXEii2b5ie2/f.j.5GsPJaaZQEry', 'gmat', 1428295071, 0, 0, '5j2QQbNU', 0, 0),
(75, 0, '000022_wg', '$2a$08$RU5AlOxzh7zG2p6V01xnAe7dL/DS88jKfDXI/o6pRmjUBFLGWNhIO', 'gmat', 1428295071, 0, 0, 'wnhWndi6', 0, 0),
(76, 0, '000023_wg', '$2a$08$g.wJGcGT6o91BaV2IuPjAOYgGPPVu3FII3f09TNq7VmT.AwydrgxW', 'gmat', 1428295071, 0, 0, 'reQR8e65', 0, 0),
(77, 0, '000024_wg', '$2a$08$sING.0NnIwrvU9XKQasIreu62Etog0v82XYmHKV5bwiE3bR/iWr8W', 'gmat', 1428295071, 0, 0, 'G9oaSCK3', 0, 0),
(78, 0, '000025_wg', '$2a$08$iSlr8Nk31kt8U964KGiituhx8QXSzNhgJ/SJGxlLmoFhji.231seO', 'gmat', 1428295071, 0, 0, '6Tmchgsc', 0, 0),
(79, 0, '000026_wg', '$2a$08$LgvG/jIlsIFuxXBBghNQke7eaYmfMgt772gOvqxt/DuznY7rgpYUe', 'gmat', 1428295071, 0, 0, 'NjZGyLD6', 0, 0),
(80, 0, '000027_wg', '$2a$08$s1oU4oU1.YPSv2h2jMt5rugVcH5HG3BAnUlqmksCl89R0.dSh1USO', 'gmat', 1428295071, 0, 0, '6EkGrc5Y', 0, 0),
(81, 0, '000028_wg', '$2a$08$JEiiaHOcOv0Rwk75N1sU1uOqn6J.x3Ku70wfMvfdQYozb6Or5hLFK', 'ielts', 1428295191, 0, 0, 'SYxf4L28', 0, 0),
(82, 0, '000029_wg', '$2a$08$Pgf4lgAvqe/czjR4XKAI/e4PspHb/paNQHvYJ0qK2KNwJty9KCiDK', 'ielts', 1428295191, 0, 0, 'FopuTCTP', 0, 0),
(83, 0, '00002a_wg', '$2a$08$36rfJ0ZVoi1xVEvmPNB7ROVgV1t2/SZ3LtZrGCbUCtyJvOdBrQ3ny', 'ielts', 1428295191, 0, 0, 'rroyY9Py', 0, 0),
(84, 0, '00002b_wg', '$2a$08$Qo3TpV./oICNV4jC9D9qgOagHwXWN7dQwIFDYb60e2uz6Jj9dmo86', 'ielts', 1428295191, 0, 0, 'ZTK8yAXv', 0, 0),
(85, 0, '00002c_wg', '$2a$08$r8/H.XceF.VutrRoUIxw9.SEh605C2WN7.zPi7W3Sqs.yk2xRSALS', 'ielts', 1428295191, 0, 0, 'gBb376I4', 0, 0),
(86, 0, '00002d_wg', '$2a$08$LL/KMYIt4NYCqy4o90KlieEJ4ORm9YloIpdJDYb1EV6RijbDZOP92', 'ielts', 1428295191, 0, 0, 'PUBtuTsP', 0, 0),
(87, 0, '00002e_wg', '$2a$08$pYMeOAxoxGbQY/7WJ5DYU.J4oV9x4fS2yZSwxB2OKstS3aXld1./y', 'ielts', 1428295191, 0, 0, 'jHx1HuD2', 0, 0),
(88, 0, '00002f_wg', '$2a$08$qbV0uAe9j72/XJYoAOnpcuK5wAxewTP.8f8o6MtwhvZrxOJMqqhcG', 'ielts', 1428295191, 0, 0, 'JJohjM90', 0, 0),
(89, 0, '00002g_wg', '$2a$08$VpDDSCk0zvSi94MAh6r2Z..W50S6BN7.r6Vte015IEamMe6zr3Jia', 'ielts', 1428295191, 0, 0, '6Z3QuVc0', 0, 0),
(90, 0, '00002h_wg', '$2a$08$wfVaKZSe1gY2dmc5KOfS.OoAvWR.jdsBy1Rgp6pM6XMXzLHjuInvK', 'ielts', 1428295191, 0, 0, 'D9FMvPvB', 0, 0),
(91, 2, '00002i_wg', '$2a$08$YwGT/vqmg2g/2c9azhW9EufkA52I1FKkbVyl3slw8se790NvmWp4O', 'ielts', 1428295227, 0, 0, 'lrXKQqRZ', 0, 1),
(92, 2, '00002j_wg', '$2a$08$OntrAH1Zir1tpA2wcq8znOIDBITWlJz/fu9.E9TcxUyfJgzyiuzXq', 'ielts', 1428295227, 0, 0, 'l31KDUne', 0, 1),
(93, 0, '00002k_wg', '$2a$08$bVbCJUwDYv3zttD2PW7abOiEJ2tAEd7b77s9jwwbTWUXLbGJiCprO', 'ielts', 1428295227, 0, 0, 'dqsvmDJs', 0, 0),
(94, 0, '00002l_wg', '$2a$08$PxKkBxg6.olH75oYmPnDROR4uvohgJfZ277IRDAVpnPbKfIrKryoy', 'ielts', 1428295227, 0, 0, 'Ir6hH6CE', 0, 0),
(95, 0, '00002m_wg', '$2a$08$hZYJ4gSzY8VULF3Qj.Ls4ebcUCWHBhu02eCsyHQwv4KRqMoC/YaxK', 'ielts', 1428295227, 0, 0, 'vCPfYpqN', 0, 0),
(96, 0, '00002n_wg', '$2a$08$0mD6ATUGML0PtXNXjsblNeDECl/JpRuq1Kbp2OZskgbuskgiIlqXq', 'ielts', 1428295227, 0, 0, 'rKRQY3cq', 0, 0),
(97, 0, '00002o_wg', '$2a$08$A.eELosYElMhAxgIPGvmF.PefkmOlBZU7rAjNTtL3XX6yQeDjjXKC', 'ielts', 1428295227, 0, 0, 'Cn7xlIZY', 0, 0),
(98, 0, '00002p_wg', '$2a$08$ZrpIc/ZUkEgCOevAksXnZeWwfC7Zni.EyW16uBGRH0X4RyLe4NPbW', 'ielts', 1428295227, 0, 0, 'wN54B86U', 0, 0),
(99, 0, '00002q_wg', '$2a$08$MLmBb9M50aoGftS/zeLviuoAT9xMdxdLg030LxKCOUCmL50ow2bra', 'ielts', 1428295227, 0, 0, 'F7dayQhN', 0, 0),
(100, 0, '00002r_wg', '$2a$08$YdBs3hslijA4iZQpncd36.X7wMAjhpzX1ORrSnxaSkvmLNkWvz3aC', 'ielts', 1428295227, 0, 0, '0uxTkVL1', 0, 0),
(101, 0, '00002s_wg', '$2a$08$/PvkDuvJRwZtkPLPEPx2l.1zwggaz2XcbHcLps7wXfReW1q6xHN6i', 'ielts', 1428295230, 0, 0, 'Z3ls8MlC', 0, 0),
(102, 0, '00002t_wg', '$2a$08$nPkedtPS0YRnXh9O0OVvEesSp/s08OXDGHJijmyDhtt62dTjA5JfK', 'ielts', 1428295230, 0, 0, 'ahov3JTq', 0, 0),
(103, 0, '00002u_wg', '$2a$08$49eBrjVrNDapod264MLjc.xuNQAlYXknIQoup4yCs7AuMhOSrZbsS', 'ielts', 1428295230, 0, 0, 'aAf5l7I0', 0, 0),
(104, 0, '00002v_wg', '$2a$08$68PXW7os9InIxc8kR9EkYOm4IvJQKx27P.qxflYJ1z8U8EmVe8Om6', 'ielts', 1428295230, 0, 0, '9ppJWljN', 0, 0),
(105, 0, '00002w_wg', '$2a$08$sxNFMAcaqd5qJKjmB/q8GOeNZabedRKiR84rcncwWXOrsXPwR3eBW', 'ielts', 1428295230, 0, 0, 'WsRwbCkl', 0, 0),
(106, 0, '00002x_wg', '$2a$08$QJvZuKC66E897WePOBQJ7.o4IeCsLXWUqqhhGmghU1T5gFiiZ6kkC', 'ielts', 1428295230, 0, 0, 'clE8FxUM', 0, 0),
(107, 0, '00002y_wg', '$2a$08$mTpusSCf0H7fvqRIGuA51unegoFfPxJPSO9O1AO/foMpeonfQrzyG', 'ielts', 1428295230, 0, 0, 'EczCm2ch', 0, 0),
(108, 0, '00002z_wg', '$2a$08$O6ZI1mMR.U/0oiOUvGRnwO4lMBRAoDOEPjUTY.CuTZqd39rL1lBYW', 'ielts', 1428295230, 0, 0, 'FPVdlVQr', 0, 0),
(109, 0, '000030_wg', '$2a$08$dJ8g2PLHckbq1TQLuNQWJexCKGVI570NKJmlmbZ7fpvv4DOpzFzYi', 'ielts', 1428295230, 0, 0, '2hnzmQYN', 0, 0),
(110, 0, '000031_wg', '$2a$08$L9zdsYtX8W/yFgkggZLSme3z2kSATmp/vv3p2fol6rpblYFzDlt4e', 'ielts', 1428295230, 0, 0, 'NiXI3Va9', 0, 0);

-- --------------------------------------------------------

--
-- 表的结构 `wg_student_application`
--

CREATE TABLE IF NOT EXISTS `wg_student_application` (
  `id` int(11) unsigned NOT NULL AUTO_INCREMENT,
  `student_id` int(11) NOT NULL,
  `degree` varchar(128) NOT NULL,
  `major` varchar(256) NOT NULL,
  `entrance_time` date NOT NULL,
  `country_region` varchar(256) NOT NULL,
  `expenses_expected` varchar(64) NOT NULL,
  `school_type` varchar(128) NOT NULL,
  `school_requirement` int(11) NOT NULL,
  `school_expected` int(11) NOT NULL,
  PRIMARY KEY (`id`)
) ENGINE=MyISAM  DEFAULT CHARSET=utf8 COMMENT='拟申请留学信息' AUTO_INCREMENT=5 ;

--
-- 转存表中的数据 `wg_student_application`
--

INSERT INTO `wg_student_application` (`id`, `student_id`, `degree`, `major`, `entrance_time`, `country_region`, `expenses_expected`, `school_type`, `school_requirement`, `school_expected`) VALUES
(1, 92, 'werwer', 'ertert', '0000-00-00', 'rete', 'tertsert', 'ertert', 0, 0),
(2, 91, 'werwer', 'ertert', '0000-00-00', 'rete', 'tertsert', 'ertert', 0, 0),
(3, 91, 'werwer', 'ertert', '0000-00-00', 'rete', 'tertsert', 'ertert', 0, 0),
(4, 91, 'werwer', 'ertert', '0000-00-00', 'rete', 'tertsert', 'ertert', 0, 0);

-- --------------------------------------------------------

--
-- 表的结构 `wg_student_education`
--

CREATE TABLE IF NOT EXISTS `wg_student_education` (
  `id` int(11) unsigned NOT NULL AUTO_INCREMENT,
  `student_id` int(11) unsigned NOT NULL,
  `degree` enum('middle','high','college','institute') NOT NULL,
  `profile` varchar(256) NOT NULL,
  `quality` varchar(256) DEFAULT NULL,
  PRIMARY KEY (`id`)
) ENGINE=MyISAM  DEFAULT CHARSET=utf8 COMMENT='教育背景' AUTO_INCREMENT=29 ;

--
-- 转存表中的数据 `wg_student_education`
--

INSERT INTO `wg_student_education` (`id`, `student_id`, `degree`, `profile`, `quality`) VALUES
(1, 92, 'middle', 'school', 'test'),
(2, 92, 'middle', 'property', 'effasgfsdg'),
(3, 92, 'middle', 'address', 'sdfgsdfgs'),
(4, 92, 'middle', 'zip_code', 'sdfgdgf'),
(5, 92, 'middle', 'entrance_time', 'sdgsdfg'),
(6, 92, 'middle', 'departure_time', 'sdgfsdgf'),
(7, 92, 'middle', 'languages', 'sdgfsdfg'),
(8, 91, 'middle', 'school', 'test'),
(9, 91, 'middle', 'property', 'effasgfsdg'),
(10, 91, 'middle', 'address', ''),
(11, 91, 'middle', 'zip_code', ''),
(12, 91, 'middle', 'entrance_time', 'sdgsdfg'),
(13, 91, 'middle', 'departure_time', 'sdgfsdgf'),
(14, 91, 'middle', 'languages', 'sdgfsdfg'),
(15, 91, 'middle', 'school', 'test'),
(16, 91, 'middle', 'property', 'effasgfsdg'),
(17, 91, 'middle', 'address', ''),
(18, 91, 'middle', 'zip_code', ''),
(19, 91, 'middle', 'entrance_time', 'sdgsdfg'),
(20, 91, 'middle', 'departure_time', 'sdgfsdgf'),
(21, 91, 'middle', 'languages', 'sdgfsdfg'),
(22, 91, 'middle', 'school', 'test'),
(23, 91, 'middle', 'property', 'effasgfsdg'),
(24, 91, 'middle', 'address', NULL),
(25, 91, 'middle', 'zip_code', NULL),
(26, 91, 'middle', 'entrance_time', 'sdgsdfg'),
(27, 91, 'middle', 'departure_time', 'sdgfsdgf'),
(28, 91, 'middle', 'languages', 'sdgfsdfg');

-- --------------------------------------------------------

--
-- 表的结构 `wg_student_family`
--

CREATE TABLE IF NOT EXISTS `wg_student_family` (
  `id` int(11) unsigned NOT NULL AUTO_INCREMENT,
  `student_id` int(11) unsigned NOT NULL,
  `parent` enum('dad','mom') NOT NULL,
  `real_name` varchar(64) NOT NULL,
  `cellphone` varchar(32) NOT NULL,
  `company` varchar(128) NOT NULL,
  `position` varchar(64) NOT NULL,
  PRIMARY KEY (`id`)
) ENGINE=MyISAM  DEFAULT CHARSET=utf8 COMMENT='家庭信息' AUTO_INCREMENT=9 ;

--
-- 转存表中的数据 `wg_student_family`
--

INSERT INTO `wg_student_family` (`id`, `student_id`, `parent`, `real_name`, `cellphone`, `company`, `position`) VALUES
(1, 92, 'dad', 'gergaeg', 'gser', 'gaerg', 'argser'),
(2, 92, 'mom', 'aegser', 'aergar', 'awergaer', 'sfwer'),
(3, 91, 'dad', 'gergaeg', 'gser', 'gaerg', 'argser'),
(4, 91, 'mom', 'aegser', 'aergar', 'awergaer', 'sfwer'),
(5, 91, 'dad', 'gergaeg', 'gser', 'gaerg', 'argser'),
(6, 91, 'mom', 'aegser', 'aergar', 'awergaer', 'sfwer'),
(7, 91, 'dad', 'gergaeg', 'gser', 'gaerg', 'argser'),
(8, 91, 'mom', 'aegser', 'aergar', 'awergaer', 'sfwer');

-- --------------------------------------------------------

--
-- 表的结构 `wg_student_referee`
--

CREATE TABLE IF NOT EXISTS `wg_student_referee` (
  `id` int(11) unsigned NOT NULL AUTO_INCREMENT,
  `student_id` int(11) unsigned NOT NULL,
  `real_name` int(11) NOT NULL,
  `sex` enum('male','female') NOT NULL,
  `company` varchar(128) NOT NULL,
  `email` varchar(128) NOT NULL,
  `telephone` int(11) NOT NULL,
  `qq_weixin` int(11) NOT NULL,
  `addr` int(11) NOT NULL,
  `zip_code` int(11) NOT NULL,
  PRIMARY KEY (`id`)
) ENGINE=MyISAM  DEFAULT CHARSET=utf8 COMMENT='推荐人信息' AUTO_INCREMENT=5 ;

--
-- 转存表中的数据 `wg_student_referee`
--

INSERT INTO `wg_student_referee` (`id`, `student_id`, `real_name`, `sex`, `company`, `email`, `telephone`, `qq_weixin`, `addr`, `zip_code`) VALUES
(1, 92, 0, '', 'ertwert', 'ertwert', 0, 0, 0, 0),
(2, 91, 0, '', 'ertwert', 'ertwert', 0, 0, 0, 0),
(3, 91, 0, '', 'ertwert', 'ertwert', 0, 0, 0, 0),
(4, 91, 0, '', 'ertwert', 'ertwert', 0, 0, 0, 0);

-- --------------------------------------------------------

--
-- 表的结构 `wg_student_score`
--

CREATE TABLE IF NOT EXISTS `wg_student_score` (
  `id` int(11) unsigned NOT NULL AUTO_INCREMENT,
  `student_id` int(11) unsigned NOT NULL,
  `course` enum('TOEFL','IELTS','GRE','GMAT','SAT') NOT NULL,
  `subject` varchar(64) NOT NULL,
  `score` int(11) NOT NULL,
  `last_update` int(11) unsigned NOT NULL,
  PRIMARY KEY (`id`)
) ENGINE=MyISAM DEFAULT CHARSET=utf8 AUTO_INCREMENT=1 ;

-- --------------------------------------------------------

--
-- 表的结构 `wg_student_standardization`
--

CREATE TABLE IF NOT EXISTS `wg_student_standardization` (
  `id` int(11) unsigned NOT NULL AUTO_INCREMENT,
  `student_id` int(11) unsigned NOT NULL,
  `subject` enum('TOEFL','IELTS','GRE','GMAT','SAT') NOT NULL,
  `profile` varchar(256) NOT NULL,
  `quality` varchar(256) DEFAULT NULL,
  PRIMARY KEY (`id`)
) ENGINE=MyISAM  DEFAULT CHARSET=utf8 COMMENT='标准化信息' AUTO_INCREMENT=53 ;

--
-- 转存表中的数据 `wg_student_standardization`
--

INSERT INTO `wg_student_standardization` (`id`, `student_id`, `subject`, `profile`, `quality`) VALUES
(1, 92, 'GMAT', 'total_point', 'sdfsdf'),
(2, 92, 'GMAT', 'reading', 'gfsdfhsdgh'),
(3, 92, 'GMAT', 'mathematics', 'dfsdf'),
(4, 92, 'TOEFL', 'total_point', '123'),
(5, 92, 'TOEFL', 'listening', '12'),
(6, 92, 'TOEFL', 'speaking', '23'),
(7, 92, 'TOEFL', 'reading', '34'),
(8, 92, 'TOEFL', 'writing', '45'),
(9, 92, 'TOEFL', 'exam_time', '124234'),
(10, 92, 'TOEFL', 'login_id', '123'),
(11, 92, 'TOEFL', 'login_pswd', '123'),
(12, 92, 'TOEFL', 'ets_id', '13'),
(13, 92, 'TOEFL', 'reg_serial', '123123'),
(14, 91, 'GMAT', 'total_point', 'sdfsdf'),
(15, 91, 'GMAT', 'reading', 'gfsdfhsdgh'),
(16, 91, 'GMAT', 'mathematics', 'dfsdf'),
(17, 91, 'TOEFL', 'total_point', '123'),
(18, 91, 'TOEFL', 'listening', '12'),
(19, 91, 'TOEFL', 'speaking', '23'),
(20, 91, 'TOEFL', 'reading', '34'),
(21, 91, 'TOEFL', 'writing', '45'),
(22, 91, 'TOEFL', 'exam_time', '124234'),
(23, 91, 'TOEFL', 'login_id', '123'),
(24, 91, 'TOEFL', 'login_pswd', '123'),
(25, 91, 'TOEFL', 'ets_id', '13'),
(26, 91, 'TOEFL', 'reg_serial', '123123'),
(27, 91, 'GMAT', 'total_point', 'sdfsdf'),
(28, 91, 'GMAT', 'reading', 'gfsdfhsdgh'),
(29, 91, 'GMAT', 'mathematics', 'dfsdf'),
(30, 91, 'TOEFL', 'total_point', '123'),
(31, 91, 'TOEFL', 'listening', '12'),
(32, 91, 'TOEFL', 'speaking', '23'),
(33, 91, 'TOEFL', 'reading', '34'),
(34, 91, 'TOEFL', 'writing', '45'),
(35, 91, 'TOEFL', 'exam_time', '124234'),
(36, 91, 'TOEFL', 'login_id', '123'),
(37, 91, 'TOEFL', 'login_pswd', '123'),
(38, 91, 'TOEFL', 'ets_id', '13'),
(39, 91, 'TOEFL', 'reg_serial', '123123'),
(40, 91, 'GMAT', 'total_point', 'sdfsdf'),
(41, 91, 'GMAT', 'reading', 'gfsdfhsdgh'),
(42, 91, 'GMAT', 'mathematics', 'dfsdf'),
(43, 91, 'TOEFL', 'total_point', '123'),
(44, 91, 'TOEFL', 'listening', '12'),
(45, 91, 'TOEFL', 'speaking', '23'),
(46, 91, 'TOEFL', 'reading', '34'),
(47, 91, 'TOEFL', 'writing', '45'),
(48, 91, 'TOEFL', 'exam_time', '124234'),
(49, 91, 'TOEFL', 'login_id', '123'),
(50, 91, 'TOEFL', 'login_pswd', '123'),
(51, 91, 'TOEFL', 'ets_id', '13'),
(52, 91, 'TOEFL', 'reg_serial', '123123');

-- --------------------------------------------------------

--
-- 表的结构 `wg_users`
--

CREATE TABLE IF NOT EXISTS `wg_users` (
  `user_id` int(11) unsigned NOT NULL AUTO_INCREMENT,
  `nickname` varchar(64) DEFAULT NULL,
  `password` varchar(128) NOT NULL,
  `real_name` varchar(64) DEFAULT NULL,
  `used_name` varchar(64) DEFAULT NULL,
  `birthday` date DEFAULT NULL,
  `sex` enum('male','female') DEFAULT NULL,
  `marriage` enum('single','married') DEFAULT NULL,
  `born_city` varchar(64) DEFAULT NULL,
  `family_addr` varchar(256) DEFAULT NULL,
  `family_zip_code` varchar(32) DEFAULT NULL,
  `contact_addr` varchar(256) DEFAULT NULL,
  `contact_zip_code` varchar(32) DEFAULT NULL,
  `email` varchar(128) DEFAULT NULL,
  `telephone` varchar(32) DEFAULT NULL,
  `cellphone` varchar(32) NOT NULL,
  `account_type` smallint(5) NOT NULL,
  `status` smallint(5) NOT NULL,
  `create_time` int(11) unsigned NOT NULL,
  `update_time` int(11) unsigned NOT NULL,
  PRIMARY KEY (`user_id`),
  KEY `telephone` (`telephone`)
) ENGINE=MyISAM  DEFAULT CHARSET=utf8 AUTO_INCREMENT=4 ;

--
-- 转存表中的数据 `wg_users`
--

INSERT INTO `wg_users` (`user_id`, `nickname`, `password`, `real_name`, `used_name`, `birthday`, `sex`, `marriage`, `born_city`, `family_addr`, `family_zip_code`, `contact_addr`, `contact_zip_code`, `email`, `telephone`, `cellphone`, `account_type`, `status`, `create_time`, `update_time`) VALUES
(1, '', '', '123123', 'sfsfsf', '2014-02-02', '', '', 'asdfsdf', 'asdfasd', '342342', 'asdfasdfadsf', 'sadfasd', 'asdfasdf', 'asadfasdf', 'asdfasdf', 123, 1, 1428300838, 1428304225),
(2, '', '', '123123', 'sfsfsf', '2014-02-02', 'male', '', 'asdfsdf', 'asdfasd', '342342', 'asdfasdfadsf', 'sadfasd', 'asdfasdf', 'asadfasdf', 'asdfasdf123', 123, 1, 1428304312, 1428426976),
(3, 'akakakak', '$2a$08$a51CfTHTYQePvM8kuOxYgOmolARMVJSlCtVZCUf69twImvYJQrsDG', '', '', '0000-00-00', '', '', '', '', '', '', '', '', '', '1324525434', 0, 0, 1428307773, 0);

/*!40101 SET CHARACTER_SET_CLIENT=@OLD_CHARACTER_SET_CLIENT */;
/*!40101 SET CHARACTER_SET_RESULTS=@OLD_CHARACTER_SET_RESULTS */;
/*!40101 SET COLLATION_CONNECTION=@OLD_COLLATION_CONNECTION */;
